code,description,or,affects_drg
00,"Procedures and interventions, Not Elsewhere Classified",NOR,0
00.0,Therapeutic ultrasound,NOR,0
00.01,Therapeutic ultrasound of vessels of head and neck,NOR,0
00.02,Therapeutic ultrasound of heart,NOR,0
00.03,Therapeutic ultrasound of peripheral vascular vessels,NOR,0
00.09,Other therapeutic ultrasound,NOR,0
00.1,Pharamaceuticals,NOR,0
00.10,Implantation of chemotherapeutic agent,NOR,0
00.11,Infusion of drotrecogin alfa (activated),NOR,0
00.12,Administration of inhaled nitric oxide,NOR,0
00.13,oxazolidinone class 00.14,NOR,0
00.14,Injection or infusion of oxazolidinone class of antibiotics,NOR,0
00.15,High-dose infusion interleukin-2 [IL-2],NOR,0
00.17,Infusion of vasopressor agent,NOR,0
00.18,Infusion of immunosuppressive antibody therapy,NOR,0
00.19,Disruption of blood brain barrier via infusion [BBBD],NOR,0
00.2,Intravascular imaging of blood vessels,NOR,0
00.22,Intravascular imaging of intrathoracic vessels,NOR,0
00.24,Intravascular imaging of coronary vessels,NOR,0
00.25,Intravascular imaging of renal vessels,NOR,0
00.28,"Intravascular imaging, other specified vessel(s)",NOR,0
00.29,"Intravascular imaging, unspecified vessel{s)",NOR,0
00.3,Computer assisted surgery [CAS],NOR,0
00.34,Imageless computer assisted surgery,NOR,0
00.35,Computer assisted surgery with multiple datasets,NOR,0
00.39,Other computer assisted surgery,NOR,0
00.4,Adjunct Vascular System Procedures,NOR,0
00.40,-00.4 3),NOR,0
00.41,Procedure on two vessels,NOR,1
00.42,Procedure on three vessels,NOR,1
00.43,Procedure on four or more vessels,NOR,1
00.44,Procedure on vessel bifurcation,NOR,0
00.45,Insertion of one vascular stent,NOR,0
00.46,Insertion of two vascular stents,NOR,0
00.47,Insertion of three vascular stents,NOR,0
00.48,Insertion of four or more vascular stents,NOR,0
00.49,SuperSaturated oxygen therapy,NOR,0
00.5,Other cardiovascular procedures,NOR,0
00.50,Implantation of cardiac resynchronization pacemaker without,OR,0
00.51,"Implantation of cardiac resynchronization defibrillator, total",OR,0
00.52,Implantation or replacement of transvenous lead [electrode],OR,0
00.53,Implantation or replacement of cardiac resynchronization,OR,0
00.54,Implantation or replacement of cardiac resynchronization,OR,0
00.55,Insertion of drug-eluting stent(s) of other peripheral vessel(s),NOR,1
00.56,Insertion or replacement of implantable pressure sensor with lead,NOR,1
00.57,Implantation or replacement of subcutaneous device for,NOR,1
00.58,Insertion of intra-aneurysm sac pressure monitoring device,NOR,0
00.59,Intravascular pressure measurement of coronary arteries,NOR,0
00.6,Procedures on blood vessels,NOR,0
00.60,,NOR,0
00.61,Percutaneous angioplasty of extracranial vessel(s),OR,0
00.62,Percutaneous angioplasty of intracranial vessel(s),OR,0
00.63,Percutaneous insertion of carotid artery stent(s),NOR,1
00.64,Percutaneous insertion of other extracranial artery stent(s),NOR,1
00.65,Percutaneous insertion of intracranial vascular stent(s),NOR,1
00.66,Percutaneous transluminal coronary angioplasty [PTCA],OR,0
00.67,Intravascular pressure measurement of intrathoracic arteries,NOR,0
00.68,Intravascular pressure measurement of peripheral arteries,NOR,0
00.69,"Intravascular pressure measurement, other specified and",NOR,0
00.7,Other hip procedures,NOR,0
00.70,"Revision of hip replacement, both acetabular and femoral",OR,0
00.71,"Revision of hip replacement, acetabular component",OR,0
00.72,"Revision of hip replacement, femoral component",OR,0
00.73,"Revision of hip replacement, acetabular liner and/or femoral head",OR,0
00.74,"Hip bearing surface, metal on polyethylene",NOR,0
00.75,"Hip bearing surface, metal-on-metal",NOR,0
00.76,"Hip bearing surface, ceramic-on-ceramic",NOR,0
00.77,"Hip bearing surface, ceramic-on-polyethylene",NOR,0
00.8,Other knee and hip procedures,NOR,0
00.80,"Revision of knee replacement, total (all components)",OR,0
00.81,"Revision of knee replacement, tibial component",OR,0
00.82,"Revision of knee replacement, femoral component",OR,0
00.83,"Revision of knee replacement, patellar component",OR,0
00.84,"Revision of total knee replacement, tibial insert (liner)",OR,0
00.85,"Resurfacing hip, total, acetabulum and femoral head",OR,0
00.86,"Resurfacing hip, partial, femoral head",OR,0
00.87,"Resurfacing hip, partial, acetabulum",OR,0
00.9,Other procedures and interventions,NOR,0
00.91,Transplant from live related donor,NOR,0
00.92,Transplant from live non-related donor,NOR,0
00.93,Transplant from cadaver,NOR,0
00.94,Intra-operative neurophysiologic monitoring,NOR,0
00.95,Injection or infusion of glucarpidase,NOR,0
00.96,Infusion of 4-Factor Prothrombin Complex Concentrate %#,NOR,1
01,"Incision and excision of skull, brain, and cerebral meninges",NOR,0
01.0,Cranial puncture,NOR,0
01.01,Cisternal puncture,NOR,0
01.02,Ventriculopuncture through previously implanted catheter,NOR,1
01.09,Other cranial puncture,NOR,1
01.1,"Diagnostic procedures on skull, brain, and cerebral meninges",NOR,0
01.10,Intracranial pressure monitoring,NOR,1
01.11,Closed [percutaneous] [needle] biopsy of cerebral meninges,NOR,1
01.12,Open biopsy of cerebral meninges,OR,0
01.13,Closed [percutaneous] [needle] biopsy of brain,NOR,1
01.14,Open biopsy of brain,OR,0
01.15,Biopsy of skull,OR,0
01.16,Intracranial oxygen monitoring,NOR,1
01.17,Brain temperature monitoring,OR,0
01.18,Other diagnostic procedures on brain and cerebral meninges,OR,0
01.19,Other diagnostic procedures on skull,OR,0
01.2,Craniotomy and craniectomy,NOR,0
01.20,Cranial implantation or replacement of neurostimulator pulse,OR,0
01.21,Incision and drainage of cranial sinus,OR,0
01.22,Removal of intracranial neurostimulator lead(s),OR,0
01.23,Reopening of craniotomy site,OR,0
01.24,Other craniotomy,OR,0
01.25,Other craniectomy,OR,0
01.26,Insertion of catheter(s) into cranial cavity or tissue,NOR,0
01.27,Removal of catheter(s) from cranial cavity or tissue,NOR,0
01.28,Placement of intracerebral catheter(s) via burr hole(s),OR,0
01.29,Removal of cranial neurostimulator pulse generator %,OR,0
01.3,Incision of brain and cerebral meninges,NOR,0
01.31,Incision of cerebral meninges,OR,0
01.32,Lobotomy and tractotomy,OR,0
01.39,Other incision of brain,OR,0
01.4,Operations on thalamus and globus pallidus,NOR,0
01.41,Operations on thalamus,OR,0
01.42,Operations on globus pallidus,OR,0
01.5,Other excision or destruction of brain and meninges,NOR,0
01.51,Excision of lesion or tissue of cerebral meninges,OR,0
01.52,Hemispherectomy,OR,0
01.53,Lobectomy of brain,OR,0
01.59,Other excision or destruction of lesion or tissue of brain,OR,0
01.6,Excision of lesion of skull,OR,0
02,"Other operations on skull, brain, and cerebral meninges",NOR,0
02.0,Cranioplasty,NOR,0
02.01,Opening of cranial suture,OR,0
02.02,Elevation of skull fracture fragments,OR,0
02.03,Formation of cranial bone flap,OR,0
02.04,Bone graft to skull,OR,0
02.05,Insertion of skull plate,OR,0
02.06,Other cranial osteoplasty,OR,0
02.07,Removal of skull plate,OR,0
02.1,Repair of cerebral meninges,NOR,0
02.11,Simple suture of dura mater of brain,OR,0
02.12,Other repair of cerebral meninges,OR,0
02.13,Ligation of meningeal vessel,OR,0
02.14,Choroid plexectomy,OR,0
02.2,Ventriculostomy,NOR,0
02.21,Insertion or replacement of external ventricular drain [EVD],OR,0
02.22,head and neck NEC 38.62,NOR,0
02.3,Extracranial ventricular shunt,NOR,0
02.31,Ventricular shunt to structure in head and neck,OR,0
02.32,Ventricular shunt to circulatory system,OR,0
02.33,Ventricular shunt to thoracic cavity,OR,0
02.34,Ventricular shunt to abdominal cavity and organs,OR,0
02.35,Ventricular shunt to urinary system,OR,0
02.39,Ventricular shunt to extracranial site NEC,OR,0
02.4,"Revision, removal, and irrigation of ventricular shunt",NOR,0
02.41,Irrigation and exploration of ventricular shunt,NOR,0
02.42,Replacement of ventricular shunt,OR,0
02.43,Removal of ventricular shunt,OR,0
02.9,"Other operations on skull, brain, and cerebral meninges",NOR,0
02.91,Lysis of cortical adhesions,OR,0
02.92,Repair of brain,OR,0
02.93,Implantation or replacement of intracranial neurostimulator lead(s),OR,0
02.94,Insertion or replacement of skull tongs or halo traction device,OR,0
02.95,Removal of skull tongs or halo traction device,NOR,0
02.96,Insertion of sphenoidal electrodes,NOR,0
02.99,Other,OR,0
03,Operations on spinal cord and spinal canal structures,NOR,0
03.0,Exploration and decompression of spinal canal structures,NOR,0
03.01,Removal of foreign body from spinal canal,OR,0
03.02,Reopening of laminectomy site,OR,0
03.09,Other exploration and decompression of spinal canal,OR,0
03.1,Division of intraspinal nerve root,OR,0
03.2,Chordotomy,NOR,0
03.21,Percutaneous chordotomy,OR,0
03.29,Other chordotomy,OR,0
03.3,Diagnostic procedures on spinal cord and spinal canal structures,NOR,0
03.31,Spinal tap,NOR,1
03.32,Biopsy of spinal cord or spinal meninges,OR,0
03.39,Other diagnostic procedures on spinal cord and spinal canal,OR,0
03.4,Excision or destruction of lesion of spinal cord or spinal,OR,0
03.5,Plastic operations on spinal cord structures,NOR,0
03.51,Repair of spinal meningocele,OR,0
03.52,Repair of spinal myelomeningocele,OR,0
03.53,Repair of vertebral fracture,OR,0
03.59,Other repair and plastic operations on spinal cord structures,OR,0
03.6,Lysis of adhesions of spinal cord and nerve roots,OR,0
03.7,Shunt of spinal theca,NOR,0
03.71,Spinal subarachnoid-peritoneal shunt,OR,0
03.72,Spinal subarachnoid-ureteral shunt,OR,0
03.79,Other shunt of spinal theca,OR,0
03.8,Injection of destructive agent into spinal canal,NOR,0
03.9,Other operations on spinal cord and spinal canal structures,NOR,0
03.90,Insertion of catheter into spinal canal for infusion of therapeutic or,NOR,0
03.91,Injection of anesthetic into spinal canal for analgesia,NOR,0
03.92,Injection of other agent into spinal canal,NOR,1
03.93,Implantation or replacement of spinal neurostimulator lead(s),OR,0
03.94,Removal of spinal neurostimulator lead(s),OR,0
03.95,Spinal blood patch,NOR,0
03.96,Percutaneous denervation of facet,NOR,0
03.97,Revision of spinal thecal shunt,OR,0
03.98,Removal of spinal thecal shunt,OR,0
03.99,Other,OR,0
04,Operations on cranial and peripheral nerves,NOR,0
04.0,"Incision, division, and excision of cranial and peripheral nerves",NOR,0
04.01,Excision of acoustic neuroma,OR,0
04.02,Division of trigeminal nerve,OR,0
04.03,Division or crushing of other cranial and peripheral nerves,OR,0
04.04,Other incision of cranial and peripheral nerves,OR,0
04.05,Gasserian ganglionectomy,OR,0
04.06,Other cranial or peripheral ganglionectomy,OR,0
04.07,Other excision or avulsion of cranial and peripheral nerves,OR,0
04.1,Diagnostic procedures on peripheral nervous system,NOR,0
04.11,Closed [percutaneous] [needle] biopsy of cranial or peripheral,NOR,1
04.12,Open biopsy of cranial or peripheral nerve or ganglion,OR,0
04.19,Other diagnostic procedures on cranial and peripheral nerves,OR,0
04.2,Destruction of cranial and peripheral nerves,NOR,0
04.3,Suture of cranial and peripheral nerves,OR,0
04.4,Lysis of adhesions and decompression of cranial and peripheral,NOR,0
04.41,Decompression of trigeminal nerve root,OR,0
04.42,Other cranial nerve decompression,OR,0
04.43,Release of carpal tunnel,OR,0
04.44,Release of tarsal tunnel,OR,0
04.49,Other peripheral nerve or ganglion decompression or lysis of,OR,0
04.5,Cranial or peripheral nerve graft,OR,0
04.6,Transposition of cranial and peripheral nerves,OR,0
04.7,Other cranial or peripheral neuroplasty,NOR,0
04.71,Hypoglossal-facial anastomosis,OR,0
04.72,Accessory-facial anastomosis,OR,0
04.73,Accessory-hypoglossal anastomosis,OR,0
04.74,Other anastomosis of cranial or peripheral nerve,OR,0
04.75,Revision of previous repair of cranial and peripheral nerves,OR,0
04.76,Repair of old traumatic injury of cranial and peripheral nerves,OR,0
04.79,Other neuroplasty,OR,0
04.8,Injection into peripheral nerve,NOR,0
04.80,"Peripheral nerve injection, not otherwise specified",NOR,0
04.81,Injection of anesthetic into peripheral nerve for analgesia,NOR,0
04.89,"Injection of other agent, except neurolytic",NOR,0
04.9,Other operations on cranial and peripheral nerves,NOR,0
04.91,Neurectasis,OR,0
04.92,Implantation or replacement of peripheral neurostimulator lead(s),OR,0
04.93,Removal of peripheral neurostimulator lead(s),OR,0
04.99,Other,OR,0
05,Operations on sympathetic nerves or ganglia,NOR,0
05.0,Division of sympathetic nerve or ganglion,OR,0
05.1,Diagnostic procedures on sympathetic nerves or ganglia,NOR,0
05.11,Biopsy of sympathetic nerve or ganglion,OR,0
05.19,Other diagnostic procedures on sympathetic nerves or ganglia,OR,0
05.2,Sympathectomy,NOR,0
05.21,Sphenopalatine ganglionectomy,OR,0
05.22,Cervical sympathectomy,OR,0
05.23,Lumbar sympathectomy,OR,0
05.24,Presacral sympathectomy,OR,0
05.25,Periarterial sympathectomy,OR,0
05.29,Other sympathectomy and ganglionectomy,OR,0
05.3,Injection into sympathetic nerve or ganglion,NOR,0
05.31,Injection of anesthetic into sympathetic nerve for analgesia,NOR,0
05.32,Injection of neurolytic agent into sympathetic nerve,NOR,0
05.39,Other injection into sympathetic nerve or ganglion,NOR,0
05.8,Other operations on sympathetic nerves or ganglia,NOR,0
05.81,Repair of sympathetic nerve or ganglion,OR,0
05.89,Other,OR,0
05.9,Other operations on nervous system,OR,0
06,Operations on thyroid and parathyroid glands,NOR,0
06.0,Incision of thyroid field,NOR,0
06.01,Aspiration of thyroid field,NOR,0
06.02,Reopening of wound of thyroid field,OR,0
06.09,Other incision of thyroid field,OR,0
06.1,Diagnostic procedures on thyroid and parathyroid glands,NOR,0
06.11,Closed [percutaneous] [needle] biopsy of thyroid gland,NOR,0
06.12,Open biopsy of thyroid gland,OR,0
06.13,Biopsy of parathyroid gland,OR,0
06.19,Other diagnostic procedures on thyroid and parathyroid glands,OR,0
06.2,Unilateral thyroid lobectomy,OR,0
06.3,Other partial thyroidectomy,NOR,0
06.31,Excision of lesion of thyroid,OR,0
06.39,Other,OR,0
06.4,Complete thyroidectomy,OR,0
06.5,Substernal thyroidectomy,NOR,0
06.50,"Substernal thyroidectomy, not otherwise specified",OR,0
06.51,Partial substernal thyroidectomy,OR,0
06.52,Complete substernal thyroidectomy,OR,0
06.6,Excision of lingual thyroid,OR,0
06.7,Excision of thyroglossal duct or tract,OR,0
06.8,Parathyroidectomy,NOR,0
06.81,Complete parathyroidectomy,OR,0
06.89,Other parathyroidectomy,OR,0
06.9,Other operations on thyroid (region) and parathyroid,NOR,0
06.91,Division of thyroid isthmus,OR,0
06.92,Ligation of thyroid vessels,OR,0
06.93,Suture of thyroid gland,OR,0
06.94,Thyroid tissue reimplantation,NOR,1
06.95,Parathyroid tissue reimplantation,OR,0
06.98,Other operations on thyroid glands,OR,0
06.99,Other operations on parathyroid glands,OR,0
07,Operations on other endocrine glands,NOR,0
07.0,Exploration of adrenal field,NOR,0
07.00,"Exploration of adrenal field, not otherwise specified",OR,0
07.01,Unilateral exploration of adrenal field,OR,0
07.02,Bilateral exploration of adrenal field,OR,0
07.1,"Diagnostic procedures on adrenal glands, pituitary gland, pineal",NOR,0
07.11,Closed [percutaneous] [needle] biopsy of adrenal gland,NOR,0
07.12,Open biopsy of adrenal gland,OR,0
07.13,"Biopsy of pituitary gland, transfrontal approach",OR,0
07.14,"Biopsy of pituitary gland, transsphenoidal approach",OR,0
07.15,"Biopsy of pituitary gland, unspecified approach",OR,0
07.16,Biopsy of thymus,OR,0
07.17,Biopsy of pineal gland,OR,0
07.19,"Other diagnostic procedures on adrenal glands, pituitary gland,",OR,0
07.2,Partial adrenalectomy,NOR,0
07.21,Excision of lesion of adrenal gland,OR,0
07.22,Unilateral adrenalectomy,OR,0
07.29,Other partial adrenalectomy,OR,0
07.3,Bilateral adrenalectomy,OR,0
07.4,"Other operations on adrenal glands, nerves, and vessels",NOR,0
07.41,Incision of adrenal gland,OR,0
07.42,Division of nerves to adrenal glands,OR,0
07.43,Ligation of adrenal vessels,OR,0
07.44,Repair of adrenal gland,OR,0
07.45,Reimplantation of adrenal tissue,OR,0
07.49,Other,OR,0
07.5,Operations on pineal gland,NOR,0
07.51,Exploration of pineal field,OR,0
07.52,Incision of pineal gland,OR,0
07.53,Partial excision of pineal gland,OR,0
07.54,Total excision of pineal gland,OR,0
07.59,Other operations on pineal gland,OR,0
07.6,Hypophysectomy,NOR,0
07.61,"Partial excision of pituitary gland, transfrontal approach",OR,0
07.62,"Partial excision of pituitary gland, transsphenoidal approach",OR,0
07.63,"Partial excision of pituitary gland, unspecified approach",OR,0
07.64,"Total excision of pituitary gland, transfrontal approach",OR,0
07.65,"Total excision of pituitary gland, transsphenoidal approach",OR,0
07.68,"Total excision of pituitary gland, other specified approach",OR,0
07.69,"Total excision of pituitary gland, unspecified approach",OR,0
07.7,Other operations on hypophysis,NOR,0
07.71,Exploration of pituitary fossa,OR,0
07.72,Incision of pituitary gland,OR,0
07.79,Other,OR,0
07.8,Thymectomy,NOR,0
07.80,"Thymectomy, not otherwise specified",OR,0
07.81,Other partial excision of thymus,OR,0
07.82,Other total excision of thymus,OR,0
07.83,Thoracoscopic partial excision of thymus,OR,0
07.84,Thoracoscopic total excision of thymus,OR,0
07.9,Other operations on thymus,NOR,0
07.91,Exploration of thymus field,OR,0
07.92,Other incision of thymus,OR,0
07.93,Repair of thymus,OR,0
07.94,Transplantation of thymus,OR,0
07.95,Thoracoscopic incision of thymus,OR,0
07.98,Other and unspecified thoracoscopic operations on thymus,OR,0
07.99,Other and unspecified operations on thymus,OR,0
08,Operations on eyelids,NOR,0
08.0,Incision of eyelid,NOR,0
08.01,Incision of lid margin,NOR,0
08.02,Severing of blepharorrhaphy,NOR,0
08.09,Other incision of eyelid,NOR,0
08.1,Diagnostic procedures on eyelid,NOR,0
08.11,Biopsy of eyelid,OR,0
08.19,Other diagnostic procedures on eyelid,NOR,0
08.2,Excision or destruction of lesion or tissue of eyelid,NOR,0
08.20,"Removal of lesion of eyelid, not otherwise specified",OR,0
08.21,Excision of chalazion,OR,0
08.22,Excision of other minor lesion of eyelid,OR,0
08.23,"Excision of major lesion of eyelid, partial-thickness",OR,0
08.24,"Excision of major lesion of eyelid, full-thickness",OR,0
08.25,Destruction of lesion of eyelid,OR,0
08.3,Repair of blepharoptosis and lid retraction,NOR,0
08.31,Repair of blepharoptosis by frontalis muscle technique with suture,OR,0
08.32,Repair of blepharoptosis by frontalis muscle technique with fascial,OR,0
08.33,Repair of blepharoptosis by resection or advancement of levator,OR,0
08.34,Repair of blepharoptosis by other levator muscle techniques,OR,0
08.35,Repair of blepharoptosis by tarsal technique,OR,0
08.36,Repair of blepharoptosis by other techniques,OR,0
08.37,Reduction of overcorrection of ptosis,OR,0
08.38,Correction of lid retraction,OR,0
08.4,Repair of entropion or ectropion,NOR,0
08.41,Repair of entropion or ectropion by thermocauterization,OR,0
08.42,Repair of entropion or ectropion by suture technique,OR,0
08.43,Repair of entropion or ectropion with wedge resection,OR,0
08.44,Repair of entropion or ectropion with lid reconstruction,OR,0
08.49,Other repair of entropion or ectropion,OR,0
08.5,Other adjustment of lid position,NOR,0
08.51,Canthotomy,OR,0
08.52,Blepharorrhaphy,OR,0
08.59,Other,OR,0
08.6,Reconstruction of eyelid with flaps or grafts,NOR,0
08.61,Reconstruction of eyelid with skin flap or graft,OR,0
08.62,Reconstruction of eyelid with mucous membrane flap or graft,OR,0
08.63,Reconstruction of eyelid with hair follicle graft,OR,0
08.64,Reconstruction of eyelid with tarsoconjunctival flap,OR,0
08.69,Other reconstruction of eyelid with flaps or grafts,OR,0
08.7,Other reconstruction of eyelid,NOR,0
08.70,"Reconstruction of eyelid, not otherwise specified",OR,0
08.71,"Reconstruction of eyelid involving lid margin, partial-thickness",OR,0
08.72,"Other reconstruction of eyelid, partial-thickness",OR,0
08.73,"Reconstruction of eyelid involving lid margin, full-thickness",OR,0
08.74,"Other reconstruction of eyelid, full-thickness",OR,0
08.8,Other repair of eyelid,NOR,0
08.81,Linear repair of laceration of eyelid or eyebrow,OR,0
08.82,"Repair of laceration involving lid margin, partial-thickness",OR,0
08.83,"Other repair of laceration of eyelid, partial-thickness",OR,0
08.84,"Repair of laceration involving lid margin, full-thickness",OR,0
08.85,"Other repair of laceration of eyelid, full-thickness",OR,0
08.86,Lower eyelid rhytidectomy,OR,0
08.87,Upper eyelid rhytidectomy,OR,0
08.89,Other eyelid repair,OR,0
08.9,Other operations on eyelids,NOR,0
08.91,Electrosurgical epilation of eyelid,OR,0
08.92,Cryosurgical epilation of eyelid,NOR,1
08.93,Other epilation of eyelid,NOR,1
08.99,Other,OR,0
09,Operations on lacrimal system,NOR,0
09.0,Incision of lacrimal gland,OR,0
09.1,Diagnostic procedures on lacrimal system,NOR,0
09.11,Biopsy of lacrimal gland,OR,0
09.12,Biopsy of lacrimal sac,OR,0
09.19,Other diagnostic procedures on lacrimal system,OR,0
09.2,Excision of lesion or tissue of lacrimal gland,NOR,0
09.20,"Excision of lacrimal gland, not otherwise specified",OR,0
09.21,Excision of lesion of lacrimal gland,OR,0
09.22,Other partial dacryoadenectomy,OR,0
09.23,Total dacryoadenectomy,OR,0
09.3,Other operations on lacrimal gland,OR,0
09.4,Manipulation of lacrimal passage,NOR,0
09.41,Probing of lacrimal punctum,OR,0
09.42,Probing of lacrimal canaliculi,OR,0
09.43,Probing of nasolacrimal duct,OR,0
09.44,Intubation of nasolacrimal duct,OR,0
09.49,Other manipulation of lacrimal passage,OR,0
09.5,Incision of lacrimal sac and passages,NOR,0
09.51,Incision of lacrimal punctum,OR,0
09.52,Incision of lacrimal canaliculi,OR,0
09.53,Incision of lacrimal sac,OR,0
09.59,Other incision of lacrimal passages,OR,0
09.6,Excision of lacrimal sac and passage,OR,0
09.7,Repair of canaliculus and punctum,NOR,0
09.71,Correction of everted punctum,OR,0
09.72,Other repair of punctum,OR,0
09.73,Repair of canaliculus,OR,0
09.8,Fistulization of lacrimal tract to nasal cavity,NOR,0
09.81,Dacryocystorhinostomy [DCR],OR,0
09.82,Conjunctivocystorhinostomy,OR,0
09.83,Conjunctivorhinostomy with insertion of tube or stent,OR,0
09.9,Other operations on lacrimal system,NOR,0
09.91,Obliteration of lacrimal punctum,OR,0
09.99,Other,OR,0
10,55-59 Operations on the urinary system 16,NOR,0
10.0,Removal of embedded foreign body from conjunctiva by incision,OR,0
10.1,Other incision of conjunctiva,OR,0
10.2,Diagnostic procedures on conjunctiva,NOR,0
10.21,Biopsy of conjunctiva,OR,0
10.29,Other diagnostic procedures on conjunctiva,OR,0
10.3,Excision or destruction of lesion or tissue of conjunctiva,NOR,0
10.31,Excision of lesion or tissue of conjunctiva,OR,0
10.32,Destruction of lesion of conjunctiva,OR,0
10.33,Other destructive procedures on conjunctiva,OR,0
10.4,Conjunctivoplasty,NOR,0
10.41,Repair of symblepharon with free graft,OR,0
10.42,Reconstruction of conjunctival cul-de-sac with free graft,OR,0
10.43,Other reconstruction of conjunctival cul-de-sac,OR,0
10.44,Other free graft to conjunctiva,OR,0
10.49,Other conjunctivoplasty,OR,0
10.5,Lysis of adhesions of conjunctiva and eyelid,OR,0
10.6,Repair of laceration of conjunctiva,OR,0
10.9,Other operations on conjunctiva,NOR,0
10.91,Subconjunctival injection,NOR,1
10.99,Other,OR,0
11,60-64 Operations on the male genital organs 173,NOR,0
11.0,Magnetic removal of embedded foreign body from cornea,OR,0
11.1,Incision of cornea,OR,0
11.2,Diagnostic procedures on cornea,NOR,0
11.21,Scraping of cornea for smear or culture,NOR,1
11.22,Biopsy of cornea,OR,0
11.29,Other diagnostic procedures on cornea,NOR,1
11.3,Excision of pterygium,NOR,0
11.31,Transposition of pterygium,OR,0
11.32,Excision of pterygium with corneal graft,OR,0
11.39,Other excision of pterygium,OR,0
11.4,Excision or destruction of tissue or other lesion of cornea,NOR,0
11.41,Mechanical removal of corneal epithelium,OR,0
11.42,Thermocauterization of corneal lesion,OR,0
11.43,Cryotherapy of corneal lesion,OR,0
11.49,Other removal or destruction of corneal lesion,OR,0
11.5,Repair of cornea,NOR,0
11.51,Suture of corneal laceration,OR,0
11.52,Repair of postoperative wound dehiscence of cornea,OR,0
11.53,Repair of corneal laceration or wound with conjunctival flap,OR,0
11.59,Other repair of cornea,OR,0
11.6,Corneal transplant,NOR,0
11.60,"Corneal transplant, not otherwise specified",OR,0
11.61,Lamellar keratoplasty with autograft,OR,0
11.62,Other lamellar keratoplasty,OR,0
11.63,Penetrating keratoplasty with autograft,OR,0
11.64,Other penetrating keratoplasty,OR,0
11.69,Other corneal transplant,OR,0
11.7,Other reconstructive and refractive surgery on cornea,NOR,0
11.71,Keratomileusis,OR,0
11.72,Keratophakia,OR,0
11.73,Keratoprosthesis,OR,0
11.74,Thermokeratoplasty,OR,0
11.75,Radial keratotomy,OR,0
11.76,Epikeratophakia,OR,0
11.79,Other,OR,0
11.9,Other operations on cornea,NOR,0
11.91,Tattooing of cornea,OR,0
11.92,Removal of artificial implant from cornea,OR,0
11.99,Other,OR,0
12,65-71 Operations on the female genital organs 18,NOR,0
12.0,Removal of intraocular foreign body from anterior segment of eye,NOR,0
12.00,"Removal of intraocular foreign body from anterior segment of eye,",OR,0
12.01,Removal of intraocular foreign body from anterior segment of eye,OR,0
12.02,Removal of intraocular foreign body from anterior segment of eye,OR,0
12.1,Iridotomy and simple iridectomy,NOR,0
12.11,lridotomy with transfixion,OR,0
12.12,Other iridotomy,OR,0
12.13,Excision of prolapsed iris,OR,0
12.14,Other iridectomy,OR,0
12.2,"Diagnostic procedures on iris, ciliary body, sclera, and anterior",NOR,0
12.21,Diagnostic aspiration of anterior chamber of eye,OR,0
12.22,Biopsy of iris,OR,0
12.29,"Other diagnostic procedures on iris, ciliary body, sclera, and",OR,0
12.3,lridoplasty and coreoplasty,NOR,0
12.31,Lysis of goniosynechiae,OR,0
12.32,Lysis of other anterior synechiae,OR,0
12.33,Lysis of posterior synechiae,OR,0
12.34,Lysis of corneovitreal adhesions,OR,0
12.35,Coreoplasty,OR,0
12.39,Other iridoplasty,OR,0
12.4,Excision or destruction of lesion of iris and ciliary body,NOR,0
12.40,"Removal of lesion of anterior segment of eye, not otherwise",OR,0
12.41,"Destruction of lesion of iris, nonexcisional",OR,0
12.42,Excision of lesion of iris,OR,0
12.43,"Destruction of lesion of ciliary body, nonexcisional",OR,0
12.44,Excision of lesion of ciliary body,OR,0
12.5,Facilitation of intraocular circulation,NOR,0
12.51,Goniopuncture without goniotomy,OR,0
12.52,Goniotomy without goniopuncture,OR,0
12.53,Goniotomy with goniopuncture,OR,0
12.54,Trabeculotomy ab externo,OR,0
12.55,Cyclodialysis,OR,0
12.59,Other facilitation of intraocular circulation,OR,0
12.6,Scleral fistulization,NOR,0
12.61,Trephination of sclera with iridectomy,OR,0
12.62,Thermocauterization of sclera with iridectomy,OR,0
12.63,Iridencleisis and iridotasis,OR,0
12.64,Trabeculectomy ab externo,OR,0
12.65,Other scleral fistulization with iridectomy,OR,0
12.66,Postoperative revision of scleral fistulization procedure,OR,0
12.67,Insertion of aqueous drainage device #4,OR,0
12.69,Other fistulizing procedure,OR,0
12.7,Other procedures for relief of elevated intraocular pressure,NOR,0
12.71,Cyclodiathermy,OR,0
12.72,Cyclocryotherapy,OR,0
12.73,Cyclophotocoagulation,OR,0
12.74,"Diminution of ciliary body, not otherwise specified",OR,0
12.79,Other glaucoma procedures,OR,0
12.8,Operations on sclera,NOR,0
12.81,Suture of laceration of sclera,OR,0
12.82,Repair of scleral fistula,OR,0
12.83,"Revision of operative wound of anteriorsegment, not elsewhere",OR,0
12.84,Excision or destruction of lesion of sclera,OR,0
12.85,Repair of scleral staphyloma with graft,OR,0
12.86,Other repair of scleral staphyloma,OR,0
12.87,Scleral reinforcement with graft,OR,0
12.88,Other scleral reinforcement,OR,0
12.89,Other operations on sclera,OR,0
12.9,"Other operations on iris, ciliary body, and anterior chamber",NOR,0
12.91,Therapeutic evacuation of anterior chamber,OR,0
12.92,Injection into anterior chamber,OR,0
12.93,Removal or destruction of epithelial downgrowth from anterior,OR,0
12.97,Other operations on iris,OR,0
12.98,Other operations on ciliary body,OR,0
12.99,Other operations on anterior chamber,OR,0
13,72-75 Obstetrical procedures 195,NOR,0
13.0,Removal of foreign body from lens,NOR,0
13.00,"Removal of foreign body from lens, not otherwise specified",OR,0
13.01,Removal of foreign body from lens with use of magnet,OR,0
13.02,Removal of foreign body from lens without use of magnet,OR,0
13.1,Intracapsular extraction of lens,NOR,0
13.11,Intracapsular extraction of lens by temporal inferior route,OR,0
13.19,Other intracapsular extraction of lens,OR,0
13.2,Extracapsular extraction of lens by linear extraction technique,OR,0
13.3,Extracapsular extraction of lens by simple aspiration (and,OR,0
13.4,Extracapsular extraction of lens by fragmentation and aspiration,NOR,0
13.41,Phacoemulsification and aspiration of cataract,OR,0
13.42,Mechanical phacofragmentation and aspiration of cataract by,OR,0
13.43,Mechanical phacofragmentation and other aspiration of cataract,OR,0
13.5,Other extracapsular extraction of lens,NOR,0
13.51,Extracapsular extraction of lens by temporal inferior route,OR,0
13.59,Other extracapsular extraction of lens,OR,0
13.6,Other cataract extraction,NOR,0
13.64,Discission of secondary membrane [after cataract],OR,0
13.65,Excision of secondary membrane [after cataract],OR,0
13.66,Mechanical fragmentation of secondary membrane [after cataract],OR,0
13.69,Other cataract extraction,OR,0
13.7,Insertion of prosthetic lens [pseudophakos],NOR,0
13.70,"Insertion of pseudophakos, not otherwise specified",OR,0
13.71,Insertion of intraocular lens prosthesis at time of cataract,OR,0
13.72,Secondary insertion of intraocular lens prosthesis,OR,0
13.8,Removal of implanted lens,OR,0
13.9,Other operations on lens,NOR,0
13.90,"Operation on lens, Not Elsewhere Classified",OR,0
13.91,Implantation of intraocular telescope prosthesis,OR,0
14,76-84 Operations on the musculoskeletal system 20,NOR,0
14.0,Removal of foreign body from posterior segment of eye,NOR,0
14.00,"Removal of foreign body from posterior segment of eye, not",OR,0
14.01,Removal of foreign body from posterior segment of eye with use of,OR,0
14.02,Removal of foreign body from posterior segment of eye without use,OR,0
14.1,"Diagnostic procedures on retina, choroid, vitreous, and posterior",NOR,0
14.11,Diagnostic aspiration of vitreous,OR,0
14.19,"Other diagnostic procedures on retina, choroid, vitreous, and",OR,0
14.2,Destruction of lesion of retina and choroid,NOR,0
14.21,Destruction of chorioretinal lesion by diathermy,OR,0
14.22,Destruction of chorioretinal lesion by cryotherapy,OR,0
14.23,Destruction of chorioretinal lesion by xenon arc photocoagulation,OR,0
14.24,Destruction of chorioretinal lesion by laser photocoagulation,OR,0
14.25,Destruction of chorioretinal lesion by photocoagulation of,OR,0
14.26,Destruction of chorioretinal lesion by radiation therapy,OR,0
14.27,Destruction of chorioretinal lesion by implantation of radiation,OR,0
14.29,Other destruction of chorioretinal lesion,OR,0
14.3,Repair of retinal tear,NOR,0
14.31,Repair of retinal tear by diathermy,OR,0
14.32,Repair of retinal tear by cryotherapy,OR,0
14.33,Repair of retinal tear by xenon arc photocoagulation,OR,0
14.34,Repair of retinal tear by laser photocoagulation,OR,0
14.35,Repair of retinal tear by photocoagulation of unspecified type,OR,0
14.39,Other repair of retinal tear,OR,0
14.4,Repair of retinal detachment with scleral buckling and implant,NOR,0
14.41,Scleral buckling with implant,OR,0
14.49,Other scleral buckling,OR,0
14.5,Other repair of retinal detachment,NOR,0
14.51,Repair of retinal detachment with diathermy,OR,0
14.52,Repair of retinal detachment with cryotherapy,OR,0
14.53,Repair of retinal detachment with xenon arc photocoagulation,OR,0
14.54,Repair of retinal detachment with laser photocoagulation,OR,0
14.55,Repair of retinal detachment with photocoagulation of,OR,0
14.59,Other,OR,0
14.6,Removal of surgically implanted material from posterior,OR,0
14.7,Operations on vitreous,NOR,0
14.71,"Removal of vitreous, anterior approach",OR,0
14.72,Other removal of vitreous,OR,0
14.73,Mechanical vitrectomy by anterior approach,OR,0
14.74,Other mechanical vitrectomy,OR,0
14.75,Injection of vitreous substitute,OR,0
14.79,Other operations on vitreous,OR,0
14.8,Implantation of epiretinal visual prosthesis,NOR,0
14.81,Implantation of epiretinal visual prosthesis %,OR,0
14.82,Removal of epiretinal visual prosthesis “4,OR,0
14.83,Revision or replacement of epiretinal visual prosthesis,OR,0
14.9,,NOR,0
15,85-86 Operations on the integumentary system 23,NOR,0
15.0,Diagnostic procedures on extraocular muscles or tendons,NOR,0
15.01,Biopsy of extraocular muscle or tendon,OR,0
15.09,Other diagnostic procedures on extraocular muscles and tendons,OR,0
15.1,Operations on one extraocular muscle involving temporary,NOR,0
15.11,Recession of one extraocular muscle,OR,0
15.12,Advancement of one extraocular muscle,OR,0
15.13,Resection of one extraocular muscle,OR,0
15.19,Other operations on one extraocular muscle involving temporary,OR,0
15.2,Other operations on one extraocular muscle,NOR,0
15.21,Lengthening procedure on one extraocular muscle,OR,0
15.22,Shortening procedure on one extraocular muscle,OR,0
15.29,Other,OR,0
15.3,Operations on two or more extraocular muscles involving,OR,0
15.4,"Other operations on two or more extraocular muscles, one or",OR,0
15.5,Transposition of extraocular muscles,OR,0
15.6,Revision of extraocular muscle surgery,OR,0
15.7,Repair of injury of extraocular muscle,OR,0
15.9,Other operations on extraocular muscles and tendons,OR,0
16,87-99 Miscellaneous diagnostic and therapeutic 24,NOR,0
16.0,Orbitotomy,NOR,0
16.01,Orbitotomy with bone flap,OR,0
16.02,Orbitotomy with insertion of orbital implant,OR,0
16.09,Other orbitotomy,OR,0
16.1,"Removal of penetrating foreign body from eye, not otherwise",OR,0
16.2,Diagnostic procedures on orbit and eyeball,NOR,0
16.21,Ophthalmoscopy,NOR,0
16.22,Diagnostic aspiration of orbit,OR,0
16.23,Biopsy of eyeball and orbit,OR,0
16.29,Other diagnostic procedures on orbit and eyeball,OR,0
16.3,Evisceration of eyeball,NOR,0
16.31,Removal of ocular contents with synchronous implant into scleral,OR,0
16.39,Other evisceration of eyeball,OR,0
16.4,Enucleation of eyeball,NOR,0
16.41,Enucleation of eyeball with synchronous implant into Tenon's,OR,0
16.42,Enucleation of eyeball with other synchronous implant,OR,0
16.49,Other enucleation of eyeball,OR,0
16.5,Exenteration of orbital contents,NOR,0
16.51,Exenteration of orbit with removal of adjacent structures,OR,0
16.52,Exenteration of orbit with therapeutic removal of orbital bone,OR,0
16.59,Other exenteration of orbit,OR,0
16.6,Secondary procedures after removal of eyeball,NOR,0
16.61,Secondary insertion of ocular implant,OR,0
16.62,Revision and reinsertion of ocular implant,OR,0
16.63,Revision of enucleation socket with graft,OR,0
16.64,Other revision of enucleation socket,OR,0
16.65,Secondary graft to exenteration cavity,OR,0
16.66,Other revision of exenteration cavity,OR,0
16.69,Other secondary procedures after removal of eyeball,OR,0
16.7,Removal of ocular or orbital implant,NOR,0
16.71,Removal of ocular implant,OR,0
16.72,Removal of orbital implant,OR,0
16.8,Repair of injury of eyeball and orbit,NOR,0
16.81,Repair of wound of orbit,OR,0
16.82,Repair of rupture of eyeball,OR,0
16.89,Other repair of injury of eyeball or orbit,OR,0
16.9,Other operations on orbit and eyeball,NOR,0
16.91,Retrobulbar injection of therapeutic agent,NOR,0
16.92,Excision of lesion of orbit,OR,0
16.93,"Excision of lesion of eye, unspecified structure",OR,0
16.98,Other operations on orbit,OR,0
16.99,Other operations on eyeball,NOR,1
17,Other miscellaneous procedures,NOR,0
17.1,Laparoscopic unilateral repair of inguinal hernia,NOR,0
17.11,Laparoscopic repair of direct inguinal hernia with graft or,OR,0
17.12,Laparoscopic repair of indirect inguinal hernia with graft or,OR,0
17.13,"Laparoscopic repair of inguinal hernia with graft or prosthesis, not",OR,0
17.2,Laparoscopic bilateral repair of inguinal hernia,NOR,0
17.21,Laparoscopic bilateral repair of direct inguinal hernia with graft,OR,0
17.22,Laparoscopic bilateral repair of indirect inguinal hernia with,OR,0
17.23,"Laparoscopic bilateral repair of inguinal hernia, one direct and",OR,0
17.24,Laparoscopic bilateral repair of inguinal hernia with graft or,OR,0
17.3,Laparoscopic partial excision of large intestine,NOR,0
17.31,Laparoscopic multiple segmental resection of large intestine,OR,0
17.32,Laparoscopic cecectomy,OR,0
17.33,Laparoscopic right hemicolectomy,OR,0
17.34,Laparoscopic resection of transverse colon,OR,0
17.35,Laparoscopic left hemicolectomy,OR,0
17.36,Laparoscopic sigmoidectomy,OR,0
17.39,Other laparoscopic partial excision of large intestine,OR,0
17.4,Robotic assisted procedures,NOR,0
17.41,Open robotic assisted procedure,NOR,0
17.42,Laparoscopic robotic assisted procedure,NOR,0
17.43,Percutaneous robotic assisted procedure,NOR,0
17.44,Endoscopic robotic assisted procedure,NOR,0
17.45,Thoracoscopic robotic assisted procedure,NOR,0
17.49,Other and unspecified robotic assisted procedure,NOR,0
17.5,Additional cardiovascular procedures,NOR,0
17.51,Implantation of rechargeable cardiac contractility modulation,NOR,0
17.52,Implantation or replacement of cardiac contractility modulation,NOR,0
17.53,Percutaneous atherectomy of extracranial vessel(s) %&,OR,0
17.54,Percutaneous atherectomy of intracranial vessel(s) %,OR,0
17.55,Transluminal coronary atherectomy,OR,0
17.56,Atherectomy of other non-coronary vessel(s) %,OR,0
17.6,Laser interstitial thermal therapy [LITT] under guidance,NOR,0
17.61,Laser interstitial thermal therapy [LITT] of lesion or tissue of,OR,0
17.62,Laser interstitial thermal therapy [LITT] of lesion or tissue of,OR,0
17.63,Laser interstitial thermal therapy [LITT] of lesion or tissue of,OR,0
17.69,Laser interstitial thermal therapy [LITT] of lesion or tissue of,NOR,1
17.7,Other diagnostic and therapeutic procedures,NOR,0
17.70,Intravenous infusion of clofarabine,NOR,1
17.71,Non-coronary intra-operative fluorescence vascular,NOR,0
17.8,Other adjunct procedures,NOR,0
17.81,Insertion of antimicrobial envelope %,NOR,0
18,OR procedure Non OR procedure but affects ThaiDRG,NOR,0
18.0,Incision of external ear,NOR,0
18.01,Piercing of ear lobe,NOR,0
18.02,Incision of external auditory canal,NOR,0
18.09,Other incision of external ear,NOR,0
18.1,Diagnostic procedures on external ear,NOR,0
18.11,Otoscopy,NOR,0
18.12,Biopsy of external ear,NOR,0
18.19,Other diagnostic procedures on external ear,NOR,0
18.2,Excision or destruction of lesion of external ear,NOR,0
18.21,Excision of preauricular sinus,OR,0
18.29,Excision or destruction of other lesion of external ear,NOR,0
18.3,Other excision of external ear,NOR,0
18.31,Radical excision of lesion of external ear,OR,0
18.39,Other,OR,0
18.4,Suture of laceration of external ear,NOR,0
18.5,Surgical correction of prominent ear,OR,0
18.6,Reconstruction of external auditory canal,OR,0
18.7,Other plastic repair of external ear,NOR,0
18.71,Construction of auricle of ear,OR,0
18.72,Reattachment of amputated ear,OR,0
18.79,Other plastic repair of external ear,OR,0
18.9,Other operations on external ear,OR,0
19,Reconstructive operations on middle ear,NOR,0
19.0,Stapes mobilization,OR,0
19.1,Stapedectomy,NOR,0
19.11,Stapedectomy with incus replacement,OR,0
19.19,Other stapedectomy,OR,0
19.2,Revision of stapedectomy,NOR,0
19.21,Revision of stapedectomy with incus replacement,OR,0
19.29,Other revision of stapedectomy,OR,0
19.3,Other operations on ossicular chain,OR,0
19.4,Myringoplasty,OR,0
19.5,Other tympanoplasty,NOR,0
19.52,Type Il tympanoplasty,OR,0
19.53,Type Ill tympanoplasty,OR,0
19.54,Type IV tympanoplasty,OR,0
19.55,Type V tympanoplasty,OR,0
19.6,Revision of tympanoplasty,OR,0
19.9,Other repair of middle ear,OR,0
20,,NOR,0
20.0,Myringotomy,NOR,0
20.01,Myringotomy with insertion of tube,OR,0
20.09,Other myringotomy,NOR,0
20.1,Removal of tympanostomy tube,NOR,0
20.2,Incision of mastoid and middle ear,NOR,0
20.21,Incision of mastoid,OR,0
20.22,Incision of petrous pyramid air cells,OR,0
20.23,Incision of middle ear,OR,0
20.3,Diagnostic procedures on middle and inner ear,NOR,0
20.32,Biopsy of middle and inner ear,OR,0
20.39,Other diagnostic procedures on middle and inner ear,NOR,1
20.4,Mastoidectomy,NOR,0
20.41,Simple mastoidectomy,OR,0
20.42,Radical mastoidectomy,OR,0
20.49,Other mastoidectomy,OR,0
20.5,Other excision of middle ear,NOR,0
20.51,Excision of lesion of middle ear,OR,0
20.53,,NOR,0
20.59,Other,OR,0
20.6,Fenestration of inner ear,NOR,0
20.61,pulmonary 88.43,NOR,0
20.62,Revision of fenestration of inner ear,OR,0
20.7,"Incision, excision, and destruction of inner ear",NOR,0
20.71,Endolymphatic shunt,OR,0
20.79,"Other incision, excision, and destruction of inner ear",NOR,1
20.8,Operations on Eustachian tube,NOR,1
20.9,Other operations on inner and middle ear,NOR,0
20.91,Tympanosympathectomy,OR,0
20.92,Revision of mastoidectomy,OR,0
20.93,Repair of oval and round windows,OR,0
20.94,Injection of tympanum,NOR,0
20.95,Implantation of electromagnetic hearing device,OR,0
20.96,"Implantation or replacement of cochlear prosthetic device, not",OR,0
20.97,"Implantation or replacement of cochlear prosthetic device,",OR,0
20.98,"Implantation or replacement of cochlear prosthetic device,",OR,0
20.99,Other operations on middle and inner ear,OR,0
21,Operations on nose,NOR,0
21.0,Control of epistaxis,NOR,0
21.00,"Control of epistaxis, not otherwise specified",NOR,0
21.01,Control of epistaxis by anterior nasal packing,NOR,1
21.02,Control of epistaxis by posterior (and anterior) packing,NOR,0
21.03,Control of epistaxis by cauterization (and packing),NOR,0
21.04,Control of epistaxis by ligation of ethmoidal arteries,OR,0
21.05,Control of epistaxis by (transantral) ligation of the maxillary artery,OR,0
21.06,Control of epistaxis by ligation of the external carotid artery,OR,0
21.07,Control of epistaxis by excision of nasal mucosa and skin grafting,OR,0
21.09,Control of epistaxis by other means,OR,0
21.1,Incision of nose,NOR,1
21.2,Diagnostic procedures on nose,NOR,0
21.21,Rhinoscopy,NOR,1
21.22,Biopsy of nose,NOR,1
21.29,Other diagnostic procedures on nose,NOR,0
21.3,Local excision or destruction of lesion of nose,NOR,0
21.30,"Excision or destruction of lesion of nose, not otherwise specified",NOR,1
21.31,Local excision or destruction of intranasal lesion,NOR,1
21.32,Local excision or destruction of other lesion of nose,NOR,1
21.4,Resection of nose,OR,0
21.5,Submucous resection of nasal septum,OR,0
21.6,Turbinectomy,NOR,0
21.61,Turbinectomy by diathermy or cryosurgery,OR,0
21.62,Fracture of the turbinates,OR,0
21.69,Other turbinectomy,OR,0
21.7,Reduction of nasal fracture,NOR,0
21.71,Closed reduction of nasal fracture,NOR,0
21.72,Open reduction of nasal fracture,OR,0
21.8,Repair and plastic operations on the nose,NOR,0
21.81,Suture of laceration of nose,NOR,0
21.82,Closure of nasal fistula,OR,0
21.83,Total nasal reconstruction,OR,0
21.84,Revision rhinoplasty,OR,0
21.85,Augmentation rhinoplasty,OR,0
21.86,Limited rhinoplasty,OR,0
21.87,Other rhinoplasty,OR,0
21.88,Other septoplasty,OR,0
21.89,Other repair and plastic operations on nose,OR,0
21.9,Other operations on nose,NOR,0
21.91,Lysis of adhesions of nose,NOR,1
21.99,Other,OR,0
22,OR procedure Non OR procedure but affects ThaiDRG,NOR,0
22.0,Aspiration and lavage of nasal sinus,NOR,0
22.00,"Aspiration and lavage of nasal sinus, not otherwise specified",NOR,0
22.01,Puncture of nasal sinus for aspiration or lavage,NOR,0
22.02,Aspiration or lavage of nasal sinus through natural ostium,NOR,0
22.1,Diagnostic procedures on nasal sinus,NOR,0
22.11,Closed [endoscopic] [needle] biopsy of nasal sinus,NOR,1
22.12,Open biopsy of nasal sinus,OR,0
22.19,Other diagnostic procedures on nasal sinuses,NOR,0
22.2,Intranasal antrotomy,NOR,0
22.3,External maxillary antrotomy,NOR,0
22.31,Radical maxillary antrotomy,OR,0
22.39,Other external maxillary antrotomy,OR,0
22.4,Frontal sinusotomy and sinusectomy,NOR,0
22.41,Frontal sinusotomy,OR,0
22.42,Frontal sinusectomy,OR,0
22.5,Other nasal sinusotomy,NOR,0
22.50,"Sinusotomy, not otherwise specified",OR,0
22.51,Ethmoidotomy,OR,0
22.52,Sphenoidotomy,OR,0
22.53,Incision of multiple nasal sinuses,OR,0
22.6,Other nasal sinusectomy,NOR,0
22.60,"Sinusectomy, not otherwise specified",OR,0
22.61,Excision of lesion of maxillary sinus with Caldwell-Luc approach,OR,0
22.62,Excision of lesion of maxillary sinus with other approach,OR,0
22.63,Ethmoidectomy,OR,0
22.64,Sphenoidectomy,OR,0
22.7,Repair of nasal sinus,NOR,0
22.71,Closure of nasal sinus fistula,OR,0
22.79,Other repair of nasal sinus,OR,0
22.9,Other operations on nasal sinuses,OR,0
23,Removal and restoration of teeth,NOR,0
23.0,Forceps extraction of tooth,NOR,0
23.01,Extraction of deciduous tooth,NOR,1
23.09,Extraction of other tooth,NOR,1
23.1,Surgical removal of tooth,NOR,0
23.11,Removal of residual root,NOR,1
23.19,Other surgical extraction of tooth,NOR,1
23.2,Restoration of tooth by filling,NOR,1
23.3,Restoration of tooth by inlay,NOR,1
23.4,Other dental restoration,NOR,0
23.41,Application of crown,NOR,1
23.42,Insertion of fixed bridge,NOR,1
23.43,Insertion of removable bridge,NOR,1
23.49,Other,NOR,1
23.5,Implantation of tooth,NOR,1
23.6,Prosthetic dental implant,NOR,1
23.7,Apicoectomy and root canal therapy,NOR,0
23.70,"Root canal, not otherwise specified",NOR,1
23.71,Root canal therapy with irrigation,NOR,1
23.72,Root canal therapy with apicoectomy,NOR,1
23.73,Apicoectomy,NOR,1
24,OR procedure Non OR procedure but affects ThaiDRG,NOR,0
24.0,Incision of gum or alveolar bone,NOR,0
24.1,"Diagnostic procedures on teeth, gums, and alveoli",NOR,0
24.11,Biopsy of gum,NOR,1
24.12,Biopsy of alveolus,NOR,1
24.19,"Other diagnostic procedures on teeth, gums, and alveoli",NOR,0
24.2,Gingivoplasty,OR,0
24.3,Other operations on gum,NOR,0
24.31,Excision of lesion or tissue of gum,NOR,1
24.32,Suture of laceration of gum,NOR,0
24.39,Other,NOR,0
24.4,Excision of dental lesion of jaw,OR,0
24.5,Alveoloplasty,OR,0
24.6,Exposure of tooth,NOR,0
24.7,Application of orthodontic appliance,NOR,1
24.8,Other orthodontic operation,NOR,0
24.9,Other dental operations,NOR,0
24.91,Extension or deepening of buccolabial or lingual sulcus,NOR,0
24.99,Other,NOR,0
25,Operations on tongue,NOR,0
25.0,Diagnostic procedures on tongue,NOR,0
25.01,Closed [needle] biopsy of tongue,NOR,1
25.02,Open biopsy of tongue,OR,0
25.09,Other diagnostic procedures on tongue,NOR,0
25.1,Excision or destruction of lesion or tissue of tongue,OR,0
25.2,Partial glossectomy,OR,0
25.3,Complete glossectomy,OR,0
25.4,Radical glossectomy,OR,0
25.5,Repair of tongue and glossoplasty,NOR,0
25.51,Suture of laceration of tongue,NOR,0
25.59,Other repair and plastic operations on tongue,OR,0
25.9,Other operations on tongue,NOR,0
25.91,Lingual frenotomy,NOR,1
25.92,Lingual frenectomy,NOR,1
25.93,Lysis of adhesions of tongue,NOR,1
25.94,Other glossotomy,OR,0
25.99,Other,OR,0
26,OR procedure Non OR procedure but affects ThaiDRG,NOR,0
26.0,Incision of salivary gland or duct,NOR,1
26.1,Diagnostic procedures on salivary glands and ducts,NOR,0
26.11,Closed [needle] biopsy of salivary gland or duct,NOR,1
26.12,Open biopsy of salivary gland or duct,OR,0
26.19,Other diagnostic procedures on salivary glands and ducts,NOR,0
26.2,Excision of lesion of salivary gland,NOR,0
26.21,Marsupialization of salivary gland cyst,OR,0
26.29,Other excision of salivary gland lesion,OR,0
26.3,Sialoadenectomy,NOR,0
26.30,"Sialoadenectomy, not otherwise specified",OR,0
26.31,Partial sialoadenectomy,OR,0
26.32,Complete sialoadenectomy,OR,0
26.4,Repair of salivary gland or duct,NOR,0
26.41,Suture of laceration of salivary gland,OR,0
26.42,Closure of salivary fistula,OR,0
26.49,Other repair and plastic operations on salivary gland or duct,OR,0
26.9,Other operations on salivary gland or duct,NOR,0
26.91,Probing of salivary duct,NOR,0
26.99,Other,OR,0
27,Other operations on mouth and face,NOR,0
27.0,Drainage of face and floor of mouth,OR,0
27.1,Incision of palate,OR,0
27.2,Diagnostic procedures on oral cavity,NOR,0
27.21,Biopsy of bony palate,OR,0
27.22,Biopsy of uvula and soft palate,OR,0
27.23,Biopsy of lip,NOR,1
27.24,"Biopsy of mouth, unspecified structure",NOR,0
27.29,Other diagnostic procedures on oral cavity,NOR,0
27.3,Excision of lesion or tissue of bony palate,NOR,0
27.31,Local excision or destruction of lesion or tissue of bony palate,OR,0
27.32,Wide excision or destruction of lesion or tissue of bony palate,OR,0
27.4,Excision of other parts of mouth,NOR,0
27.41,Labial frenectomy,NOR,0
27.42,Wide excision of lesion of lip,OR,0
27.43,Other excision of lesion or tissue of lip,OR,0
27.49,Other excision of mouth,OR,0
27.5,Plastic repair of lip and mouth,NOR,0
27.51,Suture of laceration of lip,NOR,0
27.52,Suture of laceration of other part of mouth,NOR,0
27.53,Closure of fistula of mouth,OR,0
27.54,Repair of cleft lip,OR,0
27.55,Full-thickness skin graft to lip and mouth,OR,0
27.56,Other skin graft to lip and mouth,OR,0
27.57,Attachment of pedicle or flap graft to lip and mouth,OR,0
27.59,Other plastic repair of mouth,OR,0
27.6,Palatoplasty,NOR,0
27.61,Suture of laceration of palate,OR,0
27.62,Correction of cleft palate,OR,0
27.63,Revision of cleft palate repair,OR,0
27.64,Insertion of palatal implant,NOR,1
27.69,Other plastic repair of palate,OR,0
27.7,Operations on uvula,NOR,0
27.71,Incision of uvula,OR,0
27.72,Excision of uvula,OR,0
27.73,Repair of uvula,OR,0
27.79,Other operations on uvula,OR,0
27.9,Other operations on mouth and face,NOR,0
27.91,Labial frenotomy,NOR,0
27.92,"Incision of mouth, unspecified structure",OR,0
27.99,Other operations on oral cavity,OR,0
28,OR procedure Non OR procedure but affects ThaiDRG,NOR,0
28.0,Incision and drainage of tonsil and peritonsillar structures,OR,0
28.1,Diagnostic procedures on tonsils and adenoids,NOR,0
28.11,Biopsy of tonsils and adenoids,OR,0
28.19,Other diagnostic procedures on tonsils and adenoids,OR,0
28.2,Tonsillectomy without adenoidectomy,OR,0
28.3,Tonsillectomy with adenoidectomy,OR,0
28.4,Excision of tonsil tag,OR,0
28.5,Excision of lingual tonsil,OR,0
28.6,Adenoidectomy without tonsillectomy,OR,0
28.7,Control of hemorrhage after tonsillectomy and adenoidectomy,OR,0
28.9,Other operations on tonsils and adenoids,NOR,0
28.91,Removal of foreign body from tonsil and adenoid by incision,OR,0
28.92,Excision of lesion of tonsil and adenoid,OR,0
28.99,Other,OR,0
29,Operations on pharynx,NOR,0
29.0,Pharyngotomy,OR,0
29.1,Diagnostic procedures on pharynx,NOR,0
29.11,Pharyngoscopy,NOR,1
29.12,Pharyngeal biopsy,NOR,1
29.2,Excision of branchial cleft cyst or vestige,OR,0
29.3,Excision or destruction of lesion or tissue of pharynx,NOR,0
29.31,Cricopharyngeal myotomy,OR,0
29.32,Pharyngeal diverticulectomy,OR,0
29.33,Pharyngectomy (partial),OR,0
29.39,Other excision or destruction of lesion or tissue of pharynx,OR,0
29.4,Plastic operation on pharynx,OR,0
29.5,Other repair of pharynx,NOR,0
29.51,Suture of laceration of pharynx,OR,0
29.52,Closure of branchial cleft fistula,OR,0
29.53,Closure of other fistula of pharynx,OR,0
29.54,Lysis of pharyngeal adhesions,OR,0
29.59,Other,OR,0
29.72,Injection into inner ear,NOR,1
29.9,Other operations on pharynx,NOR,0
29.91,Dilation of pharynx,NOR,0
29.92,Division of glossopharyngeal nerve,OR,0
29.99,Other,OR,0
30,OR procedure Non OR procedure but affects ThaiDRG,NOR,0
30.0,Excision or destruction of lesion or tissue of larynx,NOR,0
30.01,Marsupialization of laryngeal cyst,OR,0
30.09,Other excision or destruction of lesion or tissue of larynx,OR,0
30.1,Hemilaryngectomy,OR,0
30.2,Other partial laryngectomy,NOR,0
30.21,Epiglottidectomy,OR,0
30.22,Vocal cordectomy,OR,0
30.29,Other partial laryngectomy,OR,0
30.3,Complete laryngectomy,OR,0
30.4,Radical laryngectomy,OR,0
31,Other operations on larynx and trachea,NOR,0
31.0,Injection of larynx,NOR,0
31.1,Temporary tracheostomy,NOR,1
31.2,Permanent tracheostomy,NOR,0
31.21,Mediastinal tracheostomy,OR,0
31.29,Other permanent tracheostomy,OR,0
31.3,Other incision of larynx or trachea,OR,0
31.4,Diagnostic procedures on larynx and trachea,NOR,0
31.41,Tracheoscopy through artificial stoma,NOR,1
31.42,Laryngoscopy and other tracheoscopy,NOR,1
31.43,Closed [endoscopic] biopsy of larynx,NOR,1
31.44,Closed [endoscopic] biopsy of trachea,NOR,1
31.45,Open biopsy of larynx or trachea,OR,0
31.48,Other diagnostic procedures on larynx,NOR,1
31.49,Other diagnostic procedures on trachea,NOR,0
31.5,Local excision or destruction of lesion or tissue of trachea,OR,0
31.6,Repair of larynx,NOR,0
31.61,Suture of laceration of larynx,OR,0
31.62,Closure of fistula of larynx,OR,0
31.63,Revision of laryngostomy,OR,0
31.64,Repair of laryngeal fracture,OR,0
31.69,Other repair of larynx,OR,0
31.7,Repair and plastic operations on trachea,NOR,0
31.71,Suture of laceration of trachea,OR,0
31.72,Closure of external fistula of trachea,OR,0
31.73,Closure of other fistula of trachea,OR,0
31.74,Revision of tracheostomy,OR,0
31.75,Reconstruction of trachea and construction of artificial larynx,OR,0
31.79,Other repair and plastic operations on trachea,OR,0
31.9,Other operations on larynx and trachea,NOR,0
31.91,Division of laryngeal nerve,OR,0
31.92,Lysis of adhesions of trachea or larynx,OR,0
31.93,Replacement of laryngeal or tracheal stent,NOR,0
31.94,Injection of locally-acting therapeutic substance into trachea,NOR,0
31.95,Tracheoesophageal fistulization,NOR,0
31.98,Other operations on larynx,OR,0
31.99,Other operations on trachea,OR,0
32,OR procedure Non OR procedure but affects ThaiDRG,NOR,0
32.0,Local excision or destruction of lesion or tissue of bronchus,NOR,0
32.01,Endoscopic excision or destruction of lesion or tissue of bronchus,NOR,1
32.09,Other local excision or destruction of lesion or tissue of bronchus,OR,0
32.1,Other excision of bronchus,OR,0
32.2,Local excision or destruction of lesion or tissue of lung,NOR,0
32.20,Thoracoscopic excision of lesion or tissue of lung,OR,0
32.21,Plication of emphysematous bleb,OR,0
32.22,Lung volume reduction surgery,OR,0
32.23,Open ablation of lung lesion or tissue,OR,0
32.24,Percutaneous ablation of lung lesion or tissue,OR,0
32.25,Thoracoscopic ablation of lung lesion or tissue,OR,0
32.26,Other and unspecified ablation of lung lesion or tissue,OR,0
32.27,"Bronchoscopic bronchial thermoplasty, ablation of airway smooth",NOR,1
32.28,Endoscopic excision or destruction of lesion or tissue of lung,NOR,1
32.29,Other local excision or destruction of lesion or tissue of lung,OR,0
32.3,Segmental resection of lung,NOR,0
32.30,Thoracoscopic segmental resection of lung,OR,0
32.39,Other and unspecified segmental resection of lung,OR,0
32.4,Lobectomy of lung,NOR,0
32.41,Thoracoscopic lobectomy of lung,OR,0
32.49,Other lobectomy of lung,OR,0
32.5,Pneumonectomy,NOR,0
32.50,Thoracoscopic pneumonectomy,OR,0
32.59,Other and unspecified pneumonectomy,OR,0
32.6,Radical dissection of thoracic structures,OR,0
32.9,Other excision of lung,OR,0
33,Other operations on lung and bronchus,NOR,0
33.0,Incision of bronchus,OR,0
33.1,Incision of lung,OR,0
33.2,Diagnostic procedures on lung and bronchus,NOR,0
33.20,Thoracoscopic lung biopsy,OR,0
33.21,"-33.24, 33.27)",NOR,0
33.22,Fiber-optic bronchoscopy,NOR,1
33.23,Other bronchoscopy,NOR,1
33.24,Closed [endoscopic] biopsy of bronchus,NOR,1
33.25,Open biopsy of bronchus,OR,0
33.26,33.27),NOR,0
33.27,Closed endoscopic biopsy of lung,NOR,1
33.28,Open biopsy of lung,OR,0
33.29,Other diagnostic procedures on lung and bronchus,OR,0
33.3,Surgical collapse of lung,NOR,0
33.31,Destruction of phrenic nerve for collapse of lung,NOR,0
33.32,Artificial pneumothorax for collapse of lung,NOR,0
33.33,Pneumoperitoneum for collapse of lung,NOR,0
33.34,Thoracoplasty,OR,0
33.39,Other surgical collapse of lung,OR,0
33.4,Repair and plastic operation on lung and bronchus,NOR,0
33.41,Suture of laceration of bronchus,OR,0
33.42,Closure of bronchial fistula,OR,0
33.43,Closure of laceration of lung,OR,0
33.48,Other repair and plastic operations on bronchus,OR,0
33.49,Other repair and plastic operations on lung,OR,0
33.5,Lung transplant,NOR,0
33.50,"Lung transplantation, not otherwise specified",OR,0
33.51,Unilateral lung transplantation,OR,0
33.52,Bilateral lung transplantation,OR,0
33.6,Combined heart-lung transplantation,OR,0
33.7,Other endoscopic procedures in bronchus or lung,NOR,0
33.71,"Endoscopic insertion or replacement of bronchial valve(s),",NOR,0
33.72,Endoscopic pulmonary airway flow measurement,NOR,1
33.73,"Endoscopic insertion or replacement of bronchial valve(s),",NOR,0
33.78,Endoscopic removal of bronchial device(s) or substances,NOR,0
33.79,Endoscopic insertion of other bronchial device or substances,NOR,0
33.9,Other operations on lung and bronchus,NOR,0
33.91,Bronchial dilation,NOR,1
33.92,Ligation of bronchus,OR,0
33.93,Puncture of lung,NOR,1
33.98,Other operations on bronchus,OR,0
33.99,Other operations on lung,OR,0
34,OR procedure Non OR procedure but affects ThaiDRG,NOR,0
34.0,Incision of chest wall and pleura,NOR,0
34.01,Incision of chest wall,NOR,1
34.02,Exploratory thoracotomy,OR,0
34.03,Reopening of recent thoracotomy site,OR,0
34.04,Insertion of intercostal catheter for drainage,NOR,1
34.1,Incision of mediastinum,OR,0
34.2,"Diagnostic procedures on chest wall, pleura, mediastinum, and",NOR,0
34.20,Thoracoscopic pleural biopsy,NOR,0
34.21,Transpleural thoracoscopy,OR,0
34.22,Mediastinoscopy,OR,0
34.24,Other pleural biopsy,NOR,0
34.25,Closed [percutaneous] [needle] biopsy of mediastinum,NOR,0
34.26,Open mediastinal biopsy,OR,0
34.27,Biopsy of diaphragm,OR,0
34.28,"Other diagnostic procedures on chest wall, pleura, and diaphragm",OR,0
34.29,Other diagnostic procedures on mediastinum,OR,0
34.3,Excision or destruction of lesion or tissue of mediastinum,OR,0
34.4,Excision or destruction of lesion of chest wall,OR,0
34.5,Pleurectomy,NOR,0
34.51,Decortication of lung,OR,0
34.52,Thoracoscopic decortication of lung,OR,0
34.59,Other excision of pleura,OR,0
34.6,Scarification of pleura,OR,0
34.7,Repair of chest wall,NOR,0
34.71,Suture of laceration of chest wall,NOR,0
34.73,Closure of other fistula of thorax,OR,0
34.74,Repair of pectus deformity,OR,0
34.79,Other repair of chest wall,OR,0
34.8,Operations on diaphragm,NOR,0
34.81,Excision of lesion or tissue of diaphragm,OR,0
34.82,Suture of laceration of diaphragm,OR,0
34.83,Closure of fistula of diaphragm,OR,0
34.84,Other repair of diaphragm,OR,0
34.85,Implantation of diaphragmatic pacemaker,OR,0
34.89,Other operations on diaphragm,OR,0
34.9,Other operations on thorax,NOR,0
34.91,Thoracentesis,NOR,1
34.92,[99.25] mediastinal 87.33,NOR,0
34.93,Repair of pleura,OR,0
34.99,Other,OR,0
35,Operations on valves and septa of heart,NOR,0
35.0,Closed heart valvotomy or transcatheter replacement of heart valve,NOR,0
35.00,"Closed heart valvotomy, unspecified valve",OR,0
35.01,"Closed heart valvotomy, aortic valve",OR,0
35.02,"Closed heart valvotomy, mitral valve",OR,0
35.03,"Closed heart valvotomy, pulmonary valve",OR,0
35.04,"Closed heart valvotomy, tricuspid valve",OR,0
35.05,Endovascular replacement of aortic valve 4%,OR,0
35.06,Transapical replacement of aortic valve %,OR,0
35.07,Endovascular replacement of pulmonary valve %,OR,0
35.08,Transapical replacement of pulmonary valve @4,OR,0
35.09,Endovascular replacement of unspecified heart valve @&,OR,0
35.1,Open heart valvuloplasty without replacement,NOR,0
35.10,"Open heart valvuloplasty without replacement, unspecified valve",OR,0
35.11,Open heart valvuloplasty of aortic valve without replacement,OR,0
35.12,Open heart valvuloplasty of mitral valve without replacement,OR,0
35.13,Open heart valvuloplasty of pulmonary valve without replacement,OR,0
35.14,Open heart valvuloplasty of tricuspid valve without replacement,OR,0
35.2,Open and other replacement of heart valve,NOR,0
35.20,,OR,0
35.21,,OR,0
35.22,,OR,0
35.23,,OR,0
35.24,,OR,0
35.25,,OR,0
35.26,,OR,0
35.27,,OR,0
35.28,Open and other replacement of tricuspid valve,OR,0
35.3,Operations on structures adjacent to heart valves,NOR,0
35.31,Operations on papillary muscle,OR,0
35.32,Operations on chordae tendineae,OR,0
35.33,Annuloplasty,OR,0
35.34,Infundibulectomy,OR,0
35.35,Operations on trabeculae carneae cordis,OR,0
35.39,Operations on other structures adjacent to valves of heart,OR,0
35.4,Production of septal defect in heart,NOR,0
35.41,Enlargement of existing atrial septal defect,NOR,1
35.42,Creation of septal defect in heart,OR,0
35.5,Repair of atrial and ventricular septa with prosthesis,NOR,0
35.50,Repair of unspecified septal defect of heart with prosthesis,OR,0
35.51,"Repair of atrial septal defect with prosthesis, open technique",OR,0
35.52,"Repair of atrial septal defect with prosthesis, closed technique",OR,0
35.53,"Repair of ventricular septal defect with prosthesis, open",OR,0
35.54,Repair of endocardial cushion defect with prosthesis,OR,0
35.55,"Repair of ventricular septal defect with prosthesis, closed",OR,0
35.6,Repair of atrial and ventricular septa with tissue graft,NOR,0
35.60,Repair of unspecified septal defect of heart with tissue graft,OR,0
35.61,Repair of atrial septal defect with tissue graft,OR,0
35.62,Repair of ventricular septal defect with tissue graft,OR,0
35.63,Repair of endocardial cushion defect with tissue graft,OR,0
35.7,Other and unspecified repair of atrial and ventricular septa,NOR,0
35.70,Other and unspecified repair of unspecified septal defect of heart,OR,0
35.71,Other and unspecified repair of atrial septal defect,OR,0
35.72,Other and unspecified repair of ventricular septal defect,OR,0
35.73,Other and unspecified repair of endocardial cushion defect,OR,0
35.8,Total repair of certain congenital cardiac anomalies,NOR,0
35.81,Total repair of tetralogy of Fallot,OR,0
35.82,Total repair of total anomalous pulmonary venous connection,OR,0
35.83,Total repair of truncus arteriosus,OR,0
35.84,"Total correction of transposition of great vessels, not elsewhere",OR,0
35.9,Other operations on valves and septa of heart,NOR,0
35.91,Interatrial transposition of venous return,OR,0
35.92,Creation of conduit between right ventricle and pulmonary artery,OR,0
35.93,Creation of conduit between left ventricle and aorta,OR,0
35.94,Creation of conduit between atrium and pulmonary artery,OR,0
35.95,Revision of corrective procedure on heart,OR,0
35.96,Percutaneous balloon valvuloplasty,OR,0
35.97,Percutaneous mitral valve repair with implant %%,OR,0
35.98,Other operations on septa of heart,OR,0
35.99,Other operations on valves of heart,OR,0
36,OR procedure Non OR procedure but affects ThaiDRG,NOR,0
36.0,Removal of coronary artery obstruction and insertion of stent(s),NOR,0
36.03,Open chest coronary artery angioplasty,OR,0
36.04,Intracoronary artery thrombolytic infusion,NOR,1
36.06,Insertion of non-drug-eluting coronary artery stent(s),NOR,1
36.07,Insertion of drug-eluting coronary artery stent(s),NOR,1
36.09,Other removal of coronary artery obstruction,OR,0
36.1,Bypass anastomosis for heart revascularization,NOR,0
36.10,"Aortocoronary bypass for heart revascularization, not otherwise",OR,0
36.11,(Aorto)coronary bypass of one coronary artery,OR,0
36.12,(Aorto)coronary bypass of two coronary arteries,OR,0
36.13,(Aorto)coronary bypass of three coronary arteries,OR,0
36.14,(Aorto)coronary bypass of four or more coronary arteries,OR,0
36.15,Single internal mammary-coronary artery bypass,OR,0
36.16,Double internal mammary-coronary artery bypass,OR,0
36.17,Abdominal - coronary artery bypass,OR,0
36.19,Other bypass anastomosis for heart revascularization,OR,0
36.2,Heart revascularization by arterial implant,OR,0
36.3,Other heart revascularization,NOR,0
36.31,Open chest transmyocardial revascularization,OR,0
36.32,Other transmyocardial revascularization,OR,0
36.33,Endoscopic transmyocardial revascularization,OR,0
36.34,Percutaneous transmyocardial revascularization,OR,0
36.39,Other heart revascularization,OR,0
36.9,Other operations on vessels of heart,NOR,0
36.91,Repair of aneurysm of coronary vessel,OR,0
36.99,Other operations on vessels of heart,OR,0
37,Other operations on heart and pericardium,NOR,0
37.0,Pericardiocentesis,NOR,1
37.1,Cardiotomy and pericardiotomy,NOR,0
37.10,"Incision of heart, not otherwise specified",OR,0
37.11,Cardiotomy,OR,0
37.12,Pericardiotomy,OR,0
37.2,Diagnostic procedures on heart and pericardium,NOR,0
37.20,Noninvasive programmed electrical stimulation (NIPS),NOR,1
37.21,Right heart cardiac catheterization,NOR,1
37.22,Left heart cardiac catheterization,NOR,1
37.23,Combined right and left heart cardiac catheterization,NOR,1
37.24,Biopsy of pericardium,OR,0
37.25,Biopsy of heart,NOR,0
37.26,Catheter based invasive electrophysiologic testing,NOR,1
37.27,Cardiac mapping,NOR,1
37.28,Intracardiac echocardiography,NOR,1
37.29,Other diagnostic procedures on heart and pericardium,NOR,0
37.3,Pericardiectomy and excision of lesion of heart,NOR,0
37.31,Pericardiectomy,OR,0
37.32,Excision of aneurysm of heart,OR,0
37.33,"Excision or destruction of other lesion or tissue of heart,open",OR,0
37.34,"Excision or destruction of other lesion or tissue of heart,",OR,0
37.35,Partial ventriculectomy,OR,0
37.36,"Excision, destruction, or exclusion of left atrial appendage (LAA)",OR,0
37.37,"Excision or destruction of other lesion or tissue of heart,",OR,0
37.4,Repair of heart and pericardium,NOR,0
37.41,Implantation of prosthetic cardiac support device around the heart,OR,0
37.49,Other repair of heart and pericardium,OR,0
37.5,Heart replacement procedures,NOR,0
37.51,Heart transplantation,OR,0
37.52,Implantation of total internal biventricular heart replacement,OR,0
37.53,Replacement or repair of thoracic unit of (total) replacement heart,OR,0
37.54,Replacement or repair of other implantable component of (total),OR,0
37.55,Removal of internal biventricular heart replacement system,OR,0
37.6,Implantation of heart and circulatory assist system(s),NOR,0
37.60,Implantation or insertion of biventricular external heart assist,OR,0
37.61,Implant of pulsation balloon,OR,0
37.62,Insertion of temporary non-implantable extracorporeal circulatory,OR,0
37.63,Repair of heart assist system,OR,0
37.64,Removal of heart assist system(s) or device(s),OR,0
37.65,"37.66,37.68)",NOR,0
37.66,,NOR,0
37.67,Implantation of cardiomyostimulation system,OR,0
37.68,,NOR,0
37.7,"Insertion, revision, replacement, and removal of leads; insertion",NOR,0
37.70,"Initial insertion of lead [electrode], not otherwise specified",NOR,1
37.71,Initial insertion of transvenous lead [electrode] into ventricle,NOR,1
37.72,Initial insertion of transvenous leads [electrodes] into atrium and,NOR,1
37.73,Initial insertion of transvenous lead [electrode] into atrium,NOR,1
37.74,Insertion or replacement of epicardial lead [electrode] into,NOR,1
37.75,Revision of lead [electrode],NOR,1
37.76,Replacement of transvenous atrial and/or ventricular lead(s),NOR,1
37.77,Removal of lead(s) [electrode] without replacement,NOR,1
37.78,,NOR,0
37.79,Revision or relocation of pacemaker pocket,OR,0
37.8,"Insertion, replacement, removal, and revision of pacemaker",NOR,0
37.80,"Insertion of permanent pacemaker, initial or replacement, type of",OR,0
37.81,"Initial insertion of single-chamber device, not specified as rate",NOR,1
37.82,"Initial insertion of single-chamber device, rate responsive",NOR,1
37.83,Initial insertion of dual-chamber device,NOR,1
37.85,Replacement of any type pacemaker device with single-chamber,OR,0
37.86,Replacement of any type of pacemaker device with single-chamber,OR,0
37.87,Replacement of any type pacemaker device with dual-chamber device,OR,0
37.89,Revision or removal of pacemaker device,OR,0
37.9,Other operations on heart and pericardium,NOR,0
37.90,Insertion of left atrial appendage device,NOR,1
37.91,Open chest cardiac massage,OR,0
37.92,Injection of therapeutic substance into heart,NOR,0
37.93,Injection of therapeutic substance into pericardium,NOR,0
37.94,Implantation or replacement of automatic cardioverter/,OR,0
37.95,Implantation of automatic cardioverter/defibrillator lead(s) only,OR,0
37.96,Implantation of automatic cardioverter/defibrillator pulse,OR,0
37.97,Replacement of automatic cardioverter/defibrillator lead(s) only,OR,0
37.98,Replacement of automatic cardioverter/defibrillator pulse,OR,0
37.99,Other,OR,0
38,OR procedure Non OR procedure but affects ThaiDRG,NOR,0
38.0,Incision of vessel,OR,0
38.00,Incision of vessel — unspecified site,OR,0
38.01,Incision of vessel (หลักที่ 4 = 1),OR,0
38.02,Incision of vessel — other vessels of head and neck,OR,0
38.03,Incision of vessel — upper limb vessels,OR,0
38.04,Incision of vessel — aorta,OR,0
38.05,Incision of vessel — other thoracic vessels,OR,0
38.06,Incision of vessel — abdominal arteries,OR,0
38.07,Incision of vessel — abdominal veins,OR,0
38.08,Incision of vessel — lower limb arteries,OR,0
38.09,Incision of vessel — lower limb veins,OR,0
38.1,Endarterectomy,OR,0
38.10,Endarterectomy — unspecified site,OR,0
38.11,Endarterectomy (หลักที่ 4 = 1),OR,0
38.12,Endarterectomy — other vessels of head and neck,OR,0
38.13,Endarterectomy — upper limb vessels,OR,0
38.14,Endarterectomy — aorta,OR,0
38.15,Endarterectomy — other thoracic vessels,OR,0
38.16,Endarterectomy — abdominal arteries,OR,0
38.18,Endarterectomy — lower limb arteries,OR,0
38.2,Diagnostic procedures on blood vessels,NOR,0
38.21,Biopsy of blood vessel,OR,0
38.22,Percutaneous angioscopy,NOR,0
38.23,Intravascular spectroscopy,NOR,0
38.24,Intravascular imaging of coronary vessel(s) by optical coherence,NOR,0
38.25,Intravascular imaging of non-coronary vessel(s) by optical,NOR,0
38.26,,NOR,0
38.29,Other diagnostic procedures on blood vessels,OR,0
38.3,Resection of vessel with anastomosis,OR,0
38.34,thoracic aorta 39.73,NOR,0
38.4,1-38.42),NOR,0
38.5,Ligation and stripping of varicose veins,OR,0
38.50,Ligation and stripping of varicose veins — unspecified site,OR,0
38.51,Ligation and stripping of varicose veins (หลักที่ 4 = 1),OR,0
38.52,Ligation and stripping of varicose veins — other vessels of head and neck,OR,0
38.53,Ligation and stripping of varicose veins — upper limb vessels,OR,0
38.55,Ligation and stripping of varicose veins — thoracic vessels,OR,0
38.57,Ligation and stripping of varicose veins — abdominal veins,OR,0
38.59,Ligation and stripping of varicose veins — lower limb veins,OR,0
38.6,Other excision of vessel,OR,0
38.60,other 45.83,NOR,0
38.64,endoscopic 45.3,NOR,0
38.7,Interruption of the vena cava,OR,0
38.8,Other surgical occlusion of vessels,OR,0
38.80,autologous 41.01,NOR,0
38.9,Puncture of vessel,NOR,0
38.91,Arterial catheterization,NOR,1
38.92,Umbilical vein catheterization,NOR,1
38.93,"Venous catheterization, not elsewhere classified",NOR,1
38.94,Venous cutdown,NOR,1
38.95,Venous catheterization for renal dialysis,NOR,0
38.97,Central venous catheter placement with guidance %4,NOR,1
38.98,Other puncture of artery,NOR,0
38.99,Other puncture of vein,NOR,0
39,Other operations on vessels,NOR,0
39.0,Systemic to pulmonary artery shunt,OR,0
39.1,Intra-abdominal venous shunt,OR,0
39.2,Other shunt or vascular bypass,NOR,0
39.21,Caval-pulmonary artery anastomosis,OR,0
39.22,Aorta-subclavian-carotid bypass,OR,0
39.23,Other intrathoracic vascular shunt or bypass,OR,0
39.24,Aorta-renal bypass,OR,0
39.25,Aorta-iliac-femoral bypass,OR,0
39.26,Other intra-abdominal vascular shunt or bypass,OR,0
39.27,Arteriovenostomy for renal dialysis,OR,0
39.28,Extracranial-intracranial (EC-IC) vascular bypass,OR,0
39.29,Other (peripheral) vascular shunt or bypass,OR,0
39.3,Suture of vessel,NOR,0
39.30,Suture of unspecified blood vessel,OR,0
39.31,Suture of artery,OR,0
39.32,Suture of vein,OR,0
39.4,Revision of vascular procedure,NOR,0
39.41,Control of hemorrhage following vascular surgery,OR,0
39.42,Revision of arteriovenous shunt for renal dialysis,OR,0
39.43,Removal of arteriovenous shunt for renal dialysis,OR,0
39.49,Other revision of vascular procedure,OR,0
39.5,Other repair of vessels,NOR,0
39.50,Angioplasty of other non-coronary vessel(s),OR,0
39.51,Clipping of aneurysm,OR,0
39.52,Other repair of aneurysm,OR,0
39.53,Repair of arteriovenous fistula,OR,0
39.54,Re-entry operation (aorta),OR,0
39.55,Reimplantation of aberrant renal vessel,OR,0
39.56,Repair of blood vessel with tissue patch graft,OR,0
39.57,Repair of blood vessel with synthetic patch graft,OR,0
39.58,Repair of blood vessel with unspecified type of patch graft,OR,0
39.59,Other repair of vessel,OR,0
39.6,Extracorporeal circulation and procedures auxiliary to heart,NOR,0
39.61,Extracorporeal circulation auxiliary to open heart surgery,NOR,0
39.62,Hypothermia (systemic) incidental to open heart surgery,NOR,0
39.63,Cardioplegia,NOR,0
39.64,Intraoperative cardiac pacemaker,NOR,0
39.65,Extracorporeal membrane oxygenation [ECMO],NOR,1
39.7,Endovascular procedures on vessel (s),NOR,0
39.71,Endovascular implantation of other graft in abdominal aorta,OR,0
39.72,Endovascular (total) embolization or occlusion of head and neck,OR,0
39.73,Endovascular implantation of graft in thoracic aorta,OR,0
39.74,Endovascular removal of obstruction from head and neck vessel(s),OR,0
39.75,Endovascular embolization or occlusion of vessel(s) of head or,OR,0
39.76,,NOR,0
39.77,Temporary (partial) therapeutic endovascular occlusion of,OR,0
39.78,Endovascular implantation of branching or fenestrated graft(s) in,OR,0
39.79,Other endovascular procedures on other vessels,OR,0
39.8,"Operations on carotid body, carotid sinus and other vascular",OR,0
39.81,"Implantation or replacement of carotid sinus stimulation device,",OR,0
39.82,Implantation or replacement of carotid sinus stimulation lead(s),OR,0
39.83,Implantation or replacement of carotid sinus stimulation pulse,OR,0
39.84,Revision of carotid sinus stimulation lead(s) only %%,OR,0
39.85,Revision of carotid sinus stimulation pulse generator %,OR,0
39.86,"Removal of carotid sinus stimulation device, total system %#",NOR,1
39.87,Removal of carotid sinus stimulation lead(s) only 4%,NOR,0
39.88,Removal of carotid sinus stimulation puls generator only %,NOR,1
39.89,"Other operations on carotid body, carotid sinus and other vascular",OR,0
39.9,Other operations on vessels,NOR,0
39.90,Insertion of non-drug-eluting peripheral vessel (non-coronary),NOR,1
39.91,Freeing of vessel,OR,0
39.93,Insertion of vessel-to-vessel cannula,OR,0
39.94,Replacement of vessel-to-vessel cannula,OR,0
39.95,Hemodialysis,NOR,1
39.96,Total body perfusion,NOR,0
39.98,"Control of hemorrhage, not otherwise specified",OR,0
39.99,Other operations on vessels,OR,0
40,OR procedure Non OR procedure but affects ThaiDRG,NOR,0
40.0,Incision of lymphatic structures,OR,0
40.1,Diagnostic procedures on lymphatic structures,NOR,0
40.11,Biopsy of lymphatic structure,OR,0
40.19,Other diagnostic procedures on lymphatic structures,OR,0
40.2,Simple excision of lymphatic structure,NOR,0
40.21,Excision of deep cervical lymph node,OR,0
40.22,Excision of internal mammary lymph node,OR,0
40.23,Excision of axillary lymph node,OR,0
40.24,Excision of inguinal lymph node,OR,0
40.29,Simple excision of other lymphatic structure,OR,0
40.3,Regional lymph node excision,OR,0
40.4,Radical excision of cervical lymph nodes,NOR,0
40.40,"Radical neck dissection, not otherwise specified",OR,0
40.41,"Radical neck dissection, unilateral",OR,0
40.42,"Radical neck dissection, bilateral",OR,0
40.5,Radical excision of other lymph nodes,NOR,0
40.50,"Radical excision of lymph nodes, not otherwise specified",OR,0
40.51,Radical excision of axillary lymph nodes,OR,0
40.52,Radical excision of periaortic lymph nodes,OR,0
40.53,Radical excision of iliac lymph nodes,OR,0
40.54,Radical groin dissection,OR,0
40.59,Radical excision of other lymph nodes,OR,0
40.6,Operations on thoracic duct,NOR,0
40.61,Cannulation of thoracic duct,OR,0
40.62,Fistulization of thoracic duct,OR,0
40.63,Closure of fistula of thoracic duct,OR,0
40.64,Ligation of thoracic duct,OR,0
40.69,Other operations on thoracic duct,OR,0
40.9,Other operations on lymphatic structures,OR,0
41,Operations on bone marrow and spleen,NOR,0
41.0,Bone marrow or hematopoietic stem cell transplant,NOR,0
41.00,"Bone marrow transplant, not otherwise specified",OR,0
41.01,Autologous bone marrow transplant without purging,OR,0
41.02,Allogeneic bone marrow transplant with purging,OR,0
41.03,Allogeneic bone marrow transplant without purging,OR,0
41.04,Autologous hematopoietic stem cell transplant without purging,OR,0
41.05,Allogeneic hematopoietic stem cell transplant without purging,OR,0
41.06,Cord blood stem cell transplant,OR,0
41.07,Autologous hematopoietic stem cell transplant with purging,OR,0
41.08,Allogeneic hematopoietic stem cell transplant,OR,0
41.09,Autologous bone marrow transplant with purging,OR,0
41.1,Puncture of spleen,NOR,0
41.2,Splenotomy,OR,0
41.3,Diagnostic procedures on bone marrow and spleen,NOR,0
41.31,Biopsy of bone marrow,NOR,1
41.32,Closed [aspiration] [percutaneous] biopsy of spleen,NOR,0
41.33,Open biopsy of spleen,OR,0
41.38,Other diagnostic procedures on bone marrow,NOR,1
41.39,Other diagnostic procedures on spleen,NOR,0
41.4,Excision or destruction of lesion or tissue of spleen,NOR,0
41.41,Marsupialization of splenic cyst,OR,0
41.42,Excision of lesion or tissue of spleen,OR,0
41.43,Partial splenectomy,OR,0
41.5,Total splenectomy,OR,0
41.9,Other operations on spleen and bone marrow,NOR,0
41.91,Aspiration of bone marrow from donor for transplant,NOR,0
41.92,Injection into bone marrow,NOR,0
41.93,Excision of accessory spleen,OR,0
41.94,Transplantation of spleen,OR,0
41.95,Repair and plastic operations on spleen,OR,0
41.98,Other operations on bone marrow,NOR,0
41.99,Other operations on spleen,OR,0
42,OR procedure Non OR procedure but affects ThaiDRG,NOR,0
42.0,Esophagotomy,NOR,0
42.01,Incision of esophageal web,OR,0
42.09,Other incision of esophagus,OR,0
42.1,Esophagostomy,NOR,0
42.10,"Esophagostomy, not otherwise specified",OR,0
42.11,Cervical esophagostomy,OR,0
42.12,Exteriorization of esophageal pouch,OR,0
42.19,Other external fistulization of esophagus,OR,0
42.2,Diagnostic procedures on esophagus,NOR,0
42.21,Operative esophagoscopy by incision,NOR,1
42.22,Esophagoscopy through artificial stoma,NOR,1
42.23,Other esophagoscopy,NOR,1
42.24,Closed [endoscopic] biopsy of esophagus,NOR,1
42.25,Open biopsy of esophagus,OR,0
42.29,Other diagnostic procedures on esophagus,NOR,0
42.3,Local excision or destruction of lesion or tissue of esophagus,NOR,0
42.31,Local excision of esophageal diverticulum,OR,0
42.32,Local excision of other lesion or tissue of esophagus,OR,0
42.33,Endoscopic excision or destruction of lesion or tissue of,NOR,1
42.39,Other destruction of lesion or tissue of esophagus,OR,0
42.4,Excision of esophagus,NOR,0
42.40,"Esophagectomy, not otherwise specified",OR,0
42.41,Partial esophagectomy,OR,0
42.42,Total esophagectomy,OR,0
42.5,Intrathoracic anastomosis of esophagus,NOR,0
42.51,Intrathoracic esophagoesophagostomy,OR,0
42.52,Intrathoracic esophagogastrostomy,OR,0
42.53,Intrathoracic esophageal anastomosis with interposition of small,OR,0
42.54,Other intrathoracic esophagoenterostomy,OR,0
42.55,Intrathoracic esophageal anastomosis with interposition of colon,OR,0
42.56,Other intrathoracic esophagocolostomy,OR,0
42.58,Intrathoracic esophageal anastomosis with other interposition,OR,0
42.59,Other intrathoracic anastomosis of esophagus,OR,0
42.6,Antesternal anastomosis of esophagus,NOR,0
42.61,Antesternal esophagoesophagostomy,OR,0
42.62,Antesternal esophagogastrostomy,OR,0
42.63,Antesternal esophageal anastomosis with interposition of small,OR,0
42.64,Other antesternal esophagoenterostomy,OR,0
42.65,Antesternal esophageal anastomosis with interposition of colon,OR,0
42.66,Other antesternal esophagocolostomy,OR,0
42.68,Other antesternal esophageal anastomosis with interposition,OR,0
42.69,Other antesternal anastomosis of esophagus,OR,0
42.7,Esophagomyotomy,OR,0
42.8,Other repair of esophagus,NOR,0
42.81,Insertion of permanent tube into esophagus,NOR,1
42.82,Suture of laceration of esophagus,OR,0
42.83,Closure of esophagostomy,OR,0
42.84,"Repair of esophageal fistula, not elsewhere classified",OR,0
42.85,Repair of esophageal stricture,OR,0
42.86,Production of subcutaneous tunnel without esophageal,OR,0
42.87,Other graft of esophagus,OR,0
42.89,Other repair of esophagus,OR,0
42.9,Other operations on esophagus,NOR,0
42.91,Ligation of esophageal varices,OR,0
42.92,Dilation of esophagus,NOR,1
42.99,Other,NOR,0
43,Incision and excision of stomach,NOR,0
43.0,Gastrotomy,OR,0
43.1,Gastrostomy,NOR,0
43.11,Percutaneous [endoscopic] gastrostomy [PEG],NOR,1
43.19,Other gastrostomy,OR,0
43.3,Pyloromyotomy,OR,0
43.4,Local excision or destruction of lesion or tissue of stomach,NOR,0
43.41,Endoscopic excision or destruction of lesion or tissue of stomach,NOR,1
43.42,Local excision of other lesion or tissue of stomach,OR,0
43.49,Other destruction of lesion or tissue of stomach,OR,0
43.5,Partial gastrectomy with anastomosis to esophagus,OR,0
43.6,Partial gastrectomy with anastomosis to duodenum,OR,0
43.7,Partial gastrectomy with anastomosis to jejunum,OR,0
43.8,Other partial gastrectomy,NOR,0
43.81,Partial gastrectomy with jejunal transposition,OR,0
43.82,Laparoscopic vertical (sleeve) gastrectomy 4%,OR,0
43.89,Open and other partial gastrectomy,OR,0
43.9,Total gastrectomy,NOR,0
43.91,Total gastrectomy with intestinal interposition,OR,0
43.99,Other total gastrectomy,OR,0
44,OR procedure Non OR procedure but affects ThaiDRG,NOR,0
44.0,Vagotomy,NOR,0
44.00,"Vagotomy, not otherwise specified",OR,0
44.01,Truncal vagotomy,OR,0
44.02,Highly selective vagotomy,OR,0
44.03,Other selective vagotomy,OR,0
44.1,Diagnostic procedures on stomach,NOR,0
44.11,Transabdominal gastroscopy,OR,0
44.14,Closed [endoscopic] biopsy of stomach,NOR,1
44.15,Open biopsy of stomach,OR,0
44.19,Other diagnostic procedures on stomach,NOR,1
44.2,Pyloroplasty,NOR,0
44.21,Dilation of pylorus by incision,OR,0
44.22,Endoscopic dilation of pylorus,NOR,1
44.29,Other pyloroplasty,OR,0
44.3,Gastroenterostomy without gastrectomy,NOR,0
44.31,High gastric bypass,OR,0
44.32,Percutaneous [endoscopic] gastrojejunostomy,OR,0
44.38,Laparoscopic gastroenterostomy,OR,0
44.39,Other gastroenterostomy,OR,0
44.4,Control of hemorrhage and suture of ulcer of stomach or,NOR,0
44.40,"Suture of peptic ulcer, not otherwise specified",OR,0
44.41,Suture of gastric ulcer site,OR,0
44.42,Suture of duodenal ulcer site,OR,0
44.43,Endoscopic control of gastric or duodenal bleeding,NOR,1
44.44,,NOR,0
44.49,Other control of hemorrhage of stomach or duodenum,NOR,0
44.5,Revision of gastric anastomosis,OR,0
44.6,Other repair of stomach,NOR,0
44.61,Suture of laceration of stomach,OR,0
44.62,Closure of gastrostomy,NOR,1
44.63,Closure of other gastric fistula,OR,0
44.64,Gastropexy,OR,0
44.65,Esophagogastroplasty,OR,0
44.66,Other procedures for creation of esophagogastric sphincteric,OR,0
44.67,Laparoscopic procedures for creation of esophagogastric,OR,0
44.68,Laparoscopic gastroplasty,OR,0
44.69,Other,OR,0
44.9,Other operations on stomach,NOR,0
44.91,Ligation of gastric varices,OR,0
44.92,Intraoperative manipulation of stomach,OR,0
44.93,Insertion of gastric bubble (balloon),NOR,1
44.94,Removal of gastric bubble (balloon),NOR,1
44.95,Laparoscopic gastric restrictive procedure,OR,0
44.96,Laparoscopic revision of gastric restrictive procedure,OR,0
44.97,Laparoscopic removal of gastric restrictive device(s),OR,0
44.98,(Laparoscopic) adjustment of size of adjustable gastric restrictive,NOR,1
44.99,Other,OR,0
45,"Incision, excision, and anastomosis of intestine",NOR,0
45.0,Enterotomy,NOR,0
45.00,"Incision of intestine, not otherwise specified",OR,0
45.01,Incision of duodenum,OR,0
45.02,Other incision of small intestine,OR,0
45.03,Incision of large intestine,OR,0
45.1,Diagnostic procedures on small intestine,NOR,0
45.11,Transabdominal endoscopy of small intestine,NOR,1
45.12,Endoscopy of small intestine through artificial stoma,NOR,1
45.13,Other endoscopy of small intestine,NOR,1
45.14,Closed [endoscopic] biopsy of small intestine,NOR,1
45.15,Open biopsy of small intestine,OR,0
45.16,,NOR,0
45.19,Other diagnostic procedures on small intestine,NOR,0
45.2,Diagnostic procedures on large intestine,NOR,0
45.21,Transabdominal endoscopy of large intestine,NOR,1
45.22,Endoscopy of large intestine through artificial stoma,NOR,1
45.23,Colonoscopy,NOR,1
45.24,Flexible sigmoidoscopy,NOR,1
45.25,Closed [endoscopic] biopsy of large intestine,NOR,1
45.26,Open biopsy of large intestine,OR,0
45.27,"Intestinal biopsy, site unspecified",NOR,1
45.28,Other diagnostic procedures on large intestine,NOR,1
45.29,"Other diagnostic procedures on intestine, site unspecified",NOR,0
45.3,Local excision or destruction of lesion or tissue of small intestine,NOR,0
45.30,Endoscopic excision or destruction of lesion of duodenum,NOR,1
45.31,Other local excision of lesion of duodenum,OR,0
45.32,Other destruction of lesion of duodenum,OR,0
45.33,"Local excision of lesion or tissue of small intestine, except",OR,0
45.34,"Other destruction of lesion of small intestine, except duodenum",OR,0
45.4,Local excision or destruction of lesion or tissue of large intestine,NOR,0
45.41,Excision of lesion or tissue of large intestine,OR,0
45.42,Endoscopic polypectomy of large intestine,NOR,1
45.43,Endoscopic destruction of other lesion or tissue of large intestine,NOR,1
45.49,Other destruction of lesion of large intestine,OR,0
45.5,Isolation of intestinal segment,NOR,0
45.50,"Isolation of intestinal segment, not otherwise specified",OR,0
45.51,Isolation of segment of small intestine,OR,0
45.52,Isolation of segment of large intestine,OR,0
45.6,Other excision of small intestine,NOR,0
45.61,Multiple segmental resection of small intestine,OR,0
45.62,Other partial resection of small intestine,OR,0
45.63,Total removal of small intestine,OR,0
45.7,Open and other partial excision of large intestine,NOR,0
45.71,Open and other multiple segmental resection of large intestine,OR,0
45.72,Open and other cecectomy,OR,0
45.73,Open and other right hemicolectomy,OR,0
45.74,Open and other resection of transverse colon,OR,0
45.75,Open and other left hemicolectomy,OR,0
45.76,Open and other sigmoidectomy,OR,0
45.79,Other and unspecified partial excision of large intestine,OR,0
45.8,Total intra-abdominal colectomy,NOR,0
45.81,Laparoscopic total intra-abdominal colectomy,OR,0
45.82,Open total intra-abdominal colectomy,OR,0
45.83,Other and unspecified total intra-abdominal colectomy,OR,0
45.9,Intestinal anastomosis,NOR,0
45.90,"Intestinal anastomosis, not otherwise specified",OR,0
45.91,Small-to-small intestinal anastomosis,OR,0
45.92,Anastomosis of small intestine to rectal stump,OR,0
45.93,Other small-to-large intestinal anastomosis,OR,0
45.94,Large-to-large intestinal anastomosis,OR,0
45.95,Anastomosis to anus,OR,0
46,OR procedure Non OR procedure but affects ThaiDRG,NOR,0
46.0,Exteriorization of intestine,NOR,0
46.01,Exteriorization of small intestine,OR,0
46.02,Resection of exteriorized segment of small intestine,OR,0
46.03,Exteriorization of large intestine,OR,0
46.04,Resection of exteriorized segment of large intestine,OR,0
46.1,Colostomy,NOR,0
46.10,"Colostomy, not otherwise specified",OR,0
46.11,Temporary colostomy,OR,0
46.13,Permanent colostomy,OR,0
46.14,Delayed opening of colostomy,NOR,1
46.2,lleostomy,NOR,0
46.20,"lleostomy, not otherwise specified",OR,0
46.21,Temporary ileostomy,OR,0
46.22,Continent ileostomy,OR,0
46.23,Other permanent ileostomy,OR,0
46.24,Delayed opening of ileostomy,NOR,1
46.3,Other enterostomy,NOR,0
46.31,Delayed opening of other enterostomy,NOR,1
46.32,Percutaneous (endoscopic) jejunostomy [PE)],NOR,1
46.39,Other,OR,0
46.4,Revision of intestinal stoma,NOR,0
46.40,"Revision of intestinal stoma, not otherwise specified",OR,0
46.41,Revision of stoma of small intestine,OR,0
46.42,Repair of pericolostomy hernia,OR,0
46.43,Other revision of stoma of large intestine,OR,0
46.5,Closure of intestinal stoma,NOR,0
46.50,"Closure of intestinal stoma, not otherwise specified",OR,0
46.51,Closure of stoma of small intestine,OR,0
46.52,Closure of stoma of large intestine,OR,0
46.6,Fixation of intestine,NOR,0
46.60,"Fixation of intestine, not otherwise specified",OR,0
46.61,Fixation of small intestine to abdominal wall,OR,0
46.62,Other fixation of small intestine,OR,0
46.63,Fixation of large intestine to abdominal wall,OR,0
46.64,Other fixation of large intestine,OR,0
46.7,Other repair of intestine,NOR,0
46.71,Suture of laceration of duodenum,OR,0
46.72,Closure of fistula of duodenum,OR,0
46.73,"Suture of laceration of small intestine, except duodenum",OR,0
46.74,"Closure of fistula of small intestine, except duodenum",OR,0
46.75,Suture of laceration of large intestine,OR,0
46.76,Closure of fistula of large intestine,OR,0
46.79,Other repair of intestine,OR,0
46.8,Dilation and manipulation of intestine,NOR,0
46.80,"Intra-abdominal manipulation of intestine, not otherwise specified",OR,0
46.81,Intra-abdominal manipulation of small intestine,OR,0
46.82,Intra-abdominal manipulation of large intestine,OR,0
46.85,Dilation of intestine,NOR,1
46.86,Endoscopic insertion of colonic stent(s),NOR,1
46.87,Other insertion of colonic stent(s),NOR,1
46.9,Other operations on intestines,NOR,0
46.91,Myotomy of sigmoid colon,OR,0
46.92,Myotomy of other parts of colon,OR,0
46.93,Revision of anastomosis of small intestine,OR,0
46.94,Revision of anastomosis of large intestine,OR,0
46.95,Local perfusion of small intestine,NOR,0
46.96,Local perfusion of large intestine,NOR,0
46.97,Transplant of intestine,OR,0
46.99,Other,OR,0
47,Operations on appendix,NOR,0
47.0,Appendectomy,NOR,0
47.01,Laparoscopic appendectomy,OR,0
47.09,Other appendectomy,OR,0
47.1,Incidental appendectomy,NOR,0
47.11,Laparoscopic incidental appendectomy,OR,0
47.19,Other incidental appendectomy,OR,0
47.2,Drainage of appendiceal abscess,OR,0
47.9,Other operations on appendix,NOR,0
47.91,Appendicostomy,OR,0
47.92,Closure of appendiceal fistula,OR,0
47.99,Other,OR,0
48,OR procedure Non OR procedure but affects ThaiDRG,NOR,0
48.0,Proctotomy,OR,0
48.1,Proctostomy,OR,0
48.2,"Diagnostic procedures on rectum, rectosigmoid and perirectal",NOR,0
48.21,Transabdominal proctosigmoidoscopy,NOR,1
48.22,Proctosigmoidoscopy through artificial stoma,NOR,1
48.23,Rigid proctosigmoidoscopy,NOR,1
48.24,Closed [endoscopic] biopsy of rectum,NOR,1
48.25,Open biopsy of rectum,OR,0
48.26,Biopsy of perirectal tissue,NOR,1
48.29,"Other diagnostic procedures on rectum, rectosigmoid and",NOR,0
48.3,Local excision or destruction of lesion or tissue of rectum,NOR,0
48.31,Radical electrocoagulation of rectal lesion or tissue,NOR,0
48.32,Other electrocoagulation of rectal lesion or tissue,NOR,1
48.33,Destruction of rectal lesion or tissue by laser,NOR,0
48.34,Destruction of rectal lesion or tissue by cryosurgery,NOR,0
48.35,Local excision of rectal lesion or tissue,OR,0
48.36,[Endoscopic] polypectomy of rectum,NOR,1
48.4,Pull-through resection of rectum,NOR,0
48.40,"Pull-through resection of rectum, not otherwise specified",OR,0
48.41,Soave submucosal resection of rectum,OR,0
48.42,Laparoscopic pull-through resection of rectum,OR,0
48.43,Open pull-through resection of rectum,OR,0
48.49,Other pull-through resection of rectum,OR,0
48.5,Abdominoperineal resection of rectum,NOR,0
48.50,"Abdominoperineal resection of the rectum, not otherwise specified",OR,0
48.51,Laparoscopic abdominoperineal resection of the rectum,OR,0
48.52,Open abdominoperineal resection of the rectum,OR,0
48.59,Other abdominoperineal resection of the rectum,OR,0
48.6,Other resection of rectum,NOR,0
48.61,Transsacral rectosigmoidectomy,OR,0
48.62,Anterior resection of rectum with synchronous colostomy,OR,0
48.63,Other anterior resection of rectum,OR,0
48.64,Posterior resection of rectum,OR,0
48.65,Duhamel resection of rectum,OR,0
48.69,Other,OR,0
48.7,Repair of rectum,NOR,0
48.71,Suture of laceration of rectum,OR,0
48.72,Closure of proctostomy,OR,0
48.73,Closure of other rectal fistula,OR,0
48.74,Rectorectostomy,OR,0
48.75,Abdominal proctopexy,OR,0
48.76,Other proctopexy,OR,0
48.79,Other repair of rectum,OR,0
48.8,Incision or excision of perirectal tissue or lesion,NOR,0
48.81,Incision of perirectal tissue,OR,0
48.82,Excision of perirectal tissue,OR,0
48.9,Other operations on rectum and perirectal tissue,NOR,0
48.91,Incision of rectal stricture,OR,0
48.92,Anorectal myectomy,OR,0
48.93,Repair of perirectal fistula,OR,0
48.99,Other,OR,0
49,Operations on anus,NOR,0
49.0,Incision or excision of perianal tissue,NOR,0
49.01,Incision of perianal abscess,OR,0
49.02,Other incision of perianal tissue,OR,0
49.03,Excision of perianal skin tags,NOR,1
49.04,Other excision of perianal tissue,OR,0
49.1,Incision or excision of anal fistula,NOR,0
49.11,Anal fistulotomy,OR,0
49.12,Anal fistulectomy,OR,0
49.2,Diagnostic procedures on anus and perianal tissue,NOR,0
49.21,Anoscopy,NOR,1
49.29,Other diagnostic procedures on anus and perianal tissue,NOR,0
49.3,Local excision or destruction of other lesion or tissue of anus,NOR,0
49.31,Endoscopic excision or destruction of lesion or tissue of anus,NOR,1
49.39,Other local excision or destruction of lesion or tissue of anus,OR,0
49.4,Procedures on hemorrhoids,NOR,0
49.41,Reduction of hemorrhoids,NOR,0
49.42,Injection of hemorrhoids,NOR,0
49.43,Cauterization of hemorrhoids,NOR,0
49.44,Destruction of hemorrhoids by cryotherapy,OR,0
49.45,Ligation of hemorrhoids,OR,0
49.46,Excision of hemorrhoids,OR,0
49.47,Evacuation of thrombosed hemorrhoids,NOR,0
49.49,Other procedures on hemorrhoids,OR,0
49.5,Division of anal sphincter,NOR,0
49.51,Left lateral anal sphincterotomy,OR,0
49.52,Posterior anal sphincterotomy,OR,0
49.59,Other anal sphincterotomy,OR,0
49.6,Excision of anus,OR,0
49.7,Repair of anus,NOR,0
49.71,Suture of laceration of anus,OR,0
49.72,Anal cerclage,OR,0
49.73,Closure of anal fistula,OR,0
49.74,Gracilis muscle transplant for anal incontinence,OR,0
49.75,Implantation or revision of artificial anal sphincter,OR,0
49.76,Removal of artificial anal sphincter,OR,0
49.79,Other repair of anal sphincter,OR,0
49.9,Other operations on anus,NOR,0
49.91,Incision of anal septum,OR,0
49.92,Insertion of subcutaneous electrical anal stimulator,OR,0
49.93,Other incision of anus,OR,0
49.94,Reduction of anal prolapse,OR,0
49.95,Control of (postoperative) hemorrhage of anus,OR,0
49.99,Other,OR,0
50,OR procedure Non OR procedure but affects ThaiDRG,NOR,0
50.0,Hepatotomy,OR,0
50.1,Diagnostic procedures on liver,NOR,0
50.11,Closed (percutaneous) [needle] biopsy of liver,NOR,1
50.12,Open biopsy of liver,OR,0
50.13,Transjugular liver biopsy,NOR,1
50.14,Laparoscopic liver biopsy,OR,0
50.19,Other diagnostic procedures on liver,OR,0
50.2,Local excision or destruction of liver tissue or lesion,NOR,0
50.21,Marsupialization of lesion of liver,OR,0
50.22,Partial hepatectomy,OR,0
50.23,Open ablation of liver lesion or tissue,OR,0
50.24,Percutaneous ablation of liver lesion or tissue,OR,0
50.25,Laparoscopic ablation of liver lesion or tissue,OR,0
50.26,Other and unspecified ablation of liver lesion or tissue,OR,0
50.29,Other destruction of lesion of liver,OR,0
50.3,Lobectomy of liver,OR,0
50.4,Total hepatectomy,OR,0
50.5,Liver transplant,NOR,0
50.51,Auxiliary liver transplant,OR,0
50.59,Other transplant of liver,OR,0
50.6,Repair of liver,NOR,0
50.61,Closure of laceration of liver,OR,0
50.69,Other repair of liver,OR,0
50.9,Other operations on liver,NOR,0
50.91,Percutaneous aspiration of liver,NOR,0
50.92,Extracorporeal hepatic assistance,NOR,0
50.93,Localized perfusion of liver,NOR,1
50.94,Other injection of therapeutic substance into liver,NOR,1
50.99,Other,NOR,0
51,Operations on gallbladder and biliary tract,NOR,0
51.0,Cholecystotomy and cholecystostomy,NOR,0
51.01,Percutaneous aspiration of gallbladder,NOR,0
51.02,Trocar cholecystostomy,OR,0
51.03,Other cholecystostomy,OR,0
51.04,Other cholecystotomy,OR,0
51.1,Diagnostic procedures on biliary tract,NOR,0
51.10,Endoscopic retrograde cholangiopancreatography [ERCP],NOR,1
51.11,Endoscopic retrograde cholangiography [ERC],NOR,1
51.12,Percutaneous biopsy of gallbladder or bile ducts,NOR,1
51.13,Open biopsy of gallbladder or bile ducts,OR,0
51.14,Other closed [endoscopic] biopsy of biliary duct or sphincter of Oddi,NOR,1
51.15,Pressure measurement of sphincter of Oddi,NOR,1
51.19,Other diagnostic procedures on biliary tract,OR,0
51.2,Cholecystectomy,NOR,0
51.21,Other partial cholecystectomy,OR,0
51.22,Cholecystectomy,OR,0
51.23,Laparoscopic cholecystectomy,OR,0
51.24,Laparoscopic partial cholecystectomy,OR,0
51.3,Anastomosis of gallbladder or bile duct,NOR,0
51.31,Anastomosis of gallbladder to hepatic ducts,OR,0
51.32,Anastomosis of gallbladder to intestine,OR,0
51.33,Anastomosis of gallbladder to pancreas,OR,0
51.34,Anastomosis of gallbladder to stomach,OR,0
51.35,Other gallbladder anastomosis,OR,0
51.36,Choledochoenterostomy,OR,0
51.37,Anastomosis of hepatic duct to gastrointestinal tract,OR,0
51.39,Other bile duct anastomosis,OR,0
51.4,Incision of bile duct for relief of obstruction,NOR,0
51.41,Common duct exploration for removal of calculus,OR,0
51.42,Common duct exploration for relief of other obstruction,OR,0
51.43,Insertion of choledochohepatic tube for decompression,OR,0
51.49,Incision of other bile ducts for relief of obstruction,OR,0
51.5,Other incision of bile duct,NOR,0
51.51,Exploration of common duct,OR,0
51.59,Incision of other bile duct,OR,0
51.6,Local excision or destruction of lesion or tissue of biliary ducts,NOR,0
51.61,Excision of cystic duct remnant,OR,0
51.62,Excision of ampulla of Vater (with reimplantation of common duct),OR,0
51.63,Other excision of common duct,OR,0
51.64,Endoscopic excision or destruction of lesion of biliary ducts or,NOR,1
51.69,Excision of other bile duct,OR,0
51.7,Repair of bile ducts,NOR,0
51.71,Simple suture of common bile duct,OR,0
51.72,Choledochoplasty,OR,0
51.79,Repair of other bile ducts,OR,0
51.8,Other operations on biliary ducts and sphincter of Oddi,NOR,0
51.81,Dilation of sphincter of Oddi,OR,0
51.82,Pancreatic sphincterotomy,OR,0
51.83,Pancreatic sphincteroplasty,OR,0
51.84,Endoscopic dilation of ampulla and biliary duct,NOR,1
51.85,Endoscopic sphincterotomy and papillotomy,NOR,1
51.86,Endoscopic insertion of nasobiliary drainage tube,NOR,1
51.87,Endoscopic insertion of stent (tube) into bile duct,NOR,1
51.88,Endoscopic removal of stone(s) from biliary tract,NOR,1
51.89,Other operations on sphincter of Oddi,OR,0
51.9,Other operations on biliary tract,NOR,0
51.91,Repair of laceration of gallbladder,OR,0
51.92,Closure of cholecystostomy,OR,0
51.93,Closure of other biliary fistula,OR,0
51.94,Revision of anastomosis of biliary tract,OR,0
51.95,Removal of prosthetic device from bile duct,OR,0
51.96,Percutaneous extraction of common duct stones,NOR,1
51.98,Other percutaneous procedures on biliary tract,NOR,1
51.99,Other,OR,0
52,OR procedure Non OR procedure but affects ThaiDRG,NOR,0
52.0,Pancreatotomy,NOR,0
52.01,Drainage of pancreatic cyst by catheter,OR,0
52.09,Other pancreatotomy,OR,0
52.1,Diagnostic procedures on pancreas,NOR,0
52.11,Closed [aspiration] [needle] [percutaneous] biopsy of pancreas,NOR,1
52.12,Open biopsy of pancreas,OR,0
52.13,Endoscopic retrograde pancreatography [ERP],NOR,1
52.14,"52.21, 52.93-52.94, 52.97-52.98",NOR,0
52.19,Other diagnostic procedures on pancreas,OR,0
52.2,Local excision or destruction of pancreas and pancreatic duct,NOR,0
52.21,Endoscopic excision or destruction of lesion or tissue of pancreatic,NOR,1
52.22,Other excision or destruction of lesion or tissue of pancreas or,OR,0
52.3,Marsupialization of pancreatic cyst,OR,0
52.4,Internal drainage of pancreatic cyst,OR,0
52.5,Partial pancreatectomy,NOR,0
52.51,Proximal pancreatectomy,OR,0
52.52,Distal pancreatectomy,OR,0
52.53,Radical subtotal pancreatectomy,OR,0
52.59,Other partial pancreatectomy,OR,0
52.6,Total pancreatectomy,OR,0
52.7,Radical pancreaticoduodenectomy,OR,0
52.8,Transplant of pancreas,NOR,0
52.80,"Pancreatic transplant, not otherwise specified",OR,0
52.81,Reimplantation of pancreatic tissue,OR,0
52.82,Homotransplant of pancreas,OR,0
52.83,Heterotransplant of pancreas,OR,0
52.84,Autotransplantation of cells of Islets of Langerhans,OR,0
52.85,Allotransplantation of cells of Islets of Langerhans,OR,0
52.86,"Transplantation of cells of Islets of Langerhans, not otherwise",OR,0
52.9,Other operations on pancreas,NOR,0
52.92,Cannulation of pancreatic duct,OR,0
52.93,Endoscopic insertion of stent (tube) into pancreatic duct,NOR,1
52.94,Endoscopic removal of stone(s) from pancreatic duct,NOR,1
52.95,Other repair of pancreas,OR,0
52.96,Anastomosis of pancreas,OR,0
52.97,Endoscopic insertion of nasopancreatic drainage tube,NOR,1
52.98,Endoscopic dilation of pancreatic duct,NOR,1
52.99,Other,OR,0
53,Repair of hernia,NOR,0
53.0,Other unilateral repair of inguinal hernia,NOR,0
53.00,"Unilateral repair of inguinal hernia, not otherwise specified",OR,0
53.01,Other and open repair of direct inguinal hernia,OR,0
53.02,Other and open repair of indirect inguinal hernia,OR,0
53.03,Other and open repair of direct inguinal hernia with graft or,OR,0
53.04,Other and open repair of indirect inguinal hernia with graft or,OR,0
53.05,"Repair of inguinal hernia with graft or prosthesis, not otherwise",OR,0
53.1,Other bilateral repair of inguinal hernia,NOR,0
53.10,"Bilateral repair of inguinal hernia, not otherwise specified",OR,0
53.11,Other and open bilateral repair of direct inguinal hernia,OR,0
53.12,Other and open bilateral repair of indirect inguinal hernia,OR,0
53.13,"Other and open bilateral repair of inguinal hernia, one direct and",OR,0
53.14,Other and open bilateral repair of direct inguinal hernia with graft,OR,0
53.15,Other and open bilateral repair of indirect inguinal hernia with,OR,0
53.16,"Other and open bilateral repair of inguinal hernia, one direct and",OR,0
53.17,"Bilateral inguinal hernia repair with graft or prosthesis, not",OR,0
53.2,Unilateral repair of femoral hernia,NOR,0
53.21,Unilateral repair of femoral hernia with graft or prosthesis,OR,0
53.29,Other unilateral femoral herniorrhaphy,OR,0
53.3,Bilateral repair of femoral hernia,NOR,0
53.31,Bilateral repair of femoral hernia with graft or prosthesis,OR,0
53.39,Other bilateral femoral herniorrhaphy,OR,0
53.4,Repair of umbilical hernia,NOR,0
53.41,Other and open repair of umbilical hernia with graft or prosthesis,OR,0
53.42,Laparoscopic repair of umbilical hernia with graft or prosthesis,OR,0
53.43,Other laparoscopic umbilical herniorrhaphy,OR,0
53.49,Other open umbilical herniorrhaphy,OR,0
53.5,Repair of other hernia of anterior abdominal wall (without graft or,NOR,0
53.51,Incisional hernia repair,OR,0
53.59,Repair of other hernia of anterior abdominal wall,OR,0
53.6,Repair of other hernia of anterior abdominal wall with graft or,NOR,0
53.61,Other open incisional hernia repair with graft or prosthesis,OR,0
53.62,Laparoscopic incisional hernia repair with graft or prosthesis,OR,0
53.63,Other laparoscopic repair of other hernia of anterior abdominal,OR,0
53.69,Other and open repair of other hernia of anterior abdominal wall,OR,0
53.7,"Repair of diaphragmatic hernia, abdominal approach",OR,0
53.71,"Laparoscopic repair of diaphragmatic hernia, abdominal approach",OR,0
53.72,"Other and open repair of diaphragmatic hernia, abdominal",OR,0
53.75,"Repair of diaphragmatic hernia, abdominal approach, not",OR,0
53.8,"Repair of diaphragmatic hernia, thoracic approach",NOR,0
53.80,"Repair of diaphragmatic hernia with thoracic approach, not",OR,0
53.81,Plication of the diaphragm,OR,0
53.82,Repair of parasternal hernia,OR,0
53.83,"Laparoscopic repair of diaphragmatic hernia, with thoracic",OR,0
53.84,"Other and open repair of diaphragmatic hernia, with thoracic",OR,0
53.9,Other hernia repair,OR,0
54,Other operations on abdominal region,NOR,0
54.0,Incision of abdominal wall,OR,0
54.1,Laparotomy,NOR,0
54.11,Exploratory laparotomy,OR,0
54.12,Reopening of recent laparotomy site,OR,0
54.19,Other laparotomy,OR,0
54.2,Diagnostic procedures of abdominal region,NOR,0
54.21,Laparoscopy,OR,0
54.22,Biopsy of abdominal wall or umbilicus,OR,0
54.23,Biopsy of peritoneum,OR,0
54.24,Closed [percutaneous] [needle] biopsy of intra-abdominal mass,NOR,1
54.25,Peritoneal lavage,NOR,1
54.29,Other diagnostic procedures on abdominal region,OR,0
54.3,Excision or destruction of lesion or tissue of abdominal wall or,OR,0
54.4,Excision or destruction of peritoneal tissue,OR,0
54.5,Lysis of peritoneal adhesions,NOR,0
54.51,Laparoscopic lysis of peritoneal adhesions,OR,0
54.59,Other lysis of peritoneal adhesions,OR,0
54.6,Suture of abdominal wall and peritoneum,NOR,0
54.61,Reclosure of postoperative disruption of abdominal wall,OR,0
54.62,Delayed closure of granulating abdominal wound,OR,0
54.63,Other suture of abdominal wall,OR,0
54.64,Suture of peritoneum,OR,0
54.7,Other repair of abdominal wall and peritoneum,NOR,0
54.71,Repair of gastroschisis,OR,0
54.72,Other repair of abdominal wall,OR,0
54.73,Other repair of peritoneum,OR,0
54.74,Other repair of omentum,OR,0
54.75,Other repair of mesentery,OR,0
54.9,Other operations of abdominal region,NOR,0
54.91,Percutaneous abdominal drainage,NOR,1
54.92,Removal of foreign body from peritoneal cavity,OR,0
54.93,Creation of cutaneoperitoneal fistula,OR,0
54.94,Creation of peritoneovascular shunt,OR,0
54.95,Incision of peritoneum,OR,0
54.96,Injection of air into peritoneal cavity,NOR,0
54.97,Injection of locally-acting therapeutic substance into peritoneal,NOR,0
54.98,Peritoneal dialysis,NOR,1
54.99,Other,NOR,0
55,Operations on kidney,NOR,0
55.0,Nephrotomy and nephrostomy,NOR,0
55.01,Nephrotomy,OR,0
55.02,Nephrostomy,OR,0
55.03,Percutaneous nephrostomy without fragmentation,OR,0
55.04,Percutaneous nephrostomy with fragmentation,OR,0
55.1,Pyelotomy and pyelostomy,NOR,0
55.11,Pyelotomy,OR,0
55.12,Pyelostomy,OR,0
55.2,Diagnostic procedures on kidney,NOR,0
55.21,Nephroscopy,NOR,1
55.22,Pyeloscopy,NOR,1
55.23,Closed [percutaneous] [needle] biopsy of kidney,NOR,1
55.24,Open biopsy of kidney,OR,0
55.29,Other diagnostic procedures on kidney,OR,0
55.3,Local excision or destruction of lesion or tissue of kidney,NOR,0
55.31,Marsupialization of kidney lesion,OR,0
55.32,Open ablation of renal lesion or tissue,OR,0
55.33,Percutaneous ablation of renal lesion or tissue,OR,0
55.34,Laparoscopic ablation of renal lesion or tissue,OR,0
55.35,Other and unspecified ablation of renal lesion or tissue,OR,0
55.39,Other local destruction or excision of renal lesion or tissue,OR,0
55.4,Partial nephrectomy,OR,0
55.5,Complete nephrectomy,NOR,0
55.51,Nephroureterectomy,OR,0
55.52,Nephrectomy of remaining kidney,OR,0
55.53,Removal of transplanted or rejected kidney,OR,0
55.54,Bilateral nephrectomy,OR,0
55.6,Transplant of kidney,NOR,0
55.61,Renal autotransplantation,OR,0
55.69,Other kidney transplantation,OR,0
55.7,Nephropexy,OR,0
55.8,Other repair of kidney,NOR,0
55.81,Suture of laceration of kidney,OR,0
55.82,Closure of nephrostomy and pyelostomy,OR,0
55.83,Closure of other fistula of kidney,OR,0
55.84,Reduction of torsion of renal pedicle,OR,0
55.85,Symphysiotomy for horseshoe kidney,OR,0
55.86,Anastomosis of kidney,OR,0
55.87,Correction of ureteropelvic junction,OR,0
55.89,Other,OR,0
55.9,Other operations on kidney,NOR,0
55.91,Decapsulation of kidney,OR,0
55.92,Percutaneous aspiration of kidney (pelvis),NOR,0
55.93,Replacement of nephrostomy tube,NOR,0
55.94,Replacement of pyelostomy tube,NOR,0
55.95,Local perfusion of kidney,NOR,0
55.96,Other injection of therapeutic substance into kidney,NOR,0
55.97,Implantation or replacement of mechanical kidney,OR,0
55.98,Removal of mechanical kidney,OR,0
55.99,Other,OR,0
56,OR procedure Non OR procedure but affects ThaiDRG,NOR,0
56.0,Transurethral removal of obstruction from ureter and renal,OR,0
56.1,Ureteral meatotomy,OR,0
56.2,Ureterotomy,OR,0
56.3,Diagnostic procedures on ureter,NOR,0
56.31,Ureteroscopy,NOR,1
56.32,Closed percutaneous biopsy of ureter,NOR,1
56.33,Closed endoscopic biopsy of ureter,NOR,1
56.34,Open biopsy of ureter,OR,0
56.35,Endoscopy (cystoscopy) (looposcopy)of ileal conduit,NOR,1
56.39,Other diagnostic procedures on ureter,OR,0
56.4,Ureterectomy,NOR,0
56.40,"Ureterectomy, not otherwise specified",OR,0
56.41,Partial ureterectomy,OR,0
56.42,Total ureterectomy,OR,0
56.5,Cutaneous uretero-ileostomy,NOR,0
56.51,Formation of cutaneous uretero-ileostomy,OR,0
56.52,Revision of cutaneous uretero-ileostomy,OR,0
56.6,Other external urinary diversion,NOR,0
56.61,Formation of other cutaneous ureterostomy,OR,0
56.62,Revision of other cutaneous ureterostomy,OR,0
56.7,Other anastomosis or bypass of ureter,NOR,0
56.71,Urinary diversion to intestine,OR,0
56.72,Revision of ureterointestinal anastomosis,OR,0
56.73,"Nephrocystanastomosis, not otherwise specified",OR,0
56.74,Ureteroneocystostomy,OR,0
56.75,Transureteroureterostomy,OR,0
56.79,Other,OR,0
56.8,Repair of ureter,NOR,0
56.81,Lysis of intraluminal adhesions of ureter,OR,0
56.82,Suture of laceration of ureter,OR,0
56.83,Closure of ureterostomy,OR,0
56.84,Closure of other fistula of ureter,OR,0
56.85,Ureteropexy,OR,0
56.86,Removal of ligature from ureter,OR,0
56.89,Other repair of ureter,OR,0
56.9,Other operations on ureter,NOR,0
56.91,Dilation of ureteral meatus,OR,0
56.92,Implantation of electronic ureteral stimulator,OR,0
56.93,Replacement of electronic ureteral stimulator,OR,0
56.94,Removal of electronic ureteral stimulator,OR,0
56.95,Ligation of ureter,OR,0
56.99,Other,OR,0
57,Operations on urinary bladder,NOR,0
57.0,Transurethral clearance of bladder,OR,0
57.1,Cystotomy and cystostomy,NOR,0
57.11,Percutaneous aspiration of bladder,NOR,1
57.12,Lysis of intraluminal adhesions with incision into bladder,OR,0
57.17,Percutaneous cystostomy,NOR,1
57.18,Other suprapubic cystostomy,OR,0
57.19,Other cystotomy,OR,0
57.2,Vesicostomy,NOR,0
57.21,Vesicostomy,OR,0
57.22,Revision or closure of vesicostomy,OR,0
57.3,Diagnostic procedures on bladder,NOR,0
57.31,Cystoscopy through artificial stoma,NOR,1
57.32,Other cystoscopy,NOR,1
57.33,Closed [transurethral] biopsy of bladder,OR,0
57.34,Open biopsy of bladder,OR,0
57.39,Other diagnostic procedures on bladder,OR,0
57.4,Transurethral excision or destruction of bladder tissue,NOR,0
57.41,Transurethral lysis of intraluminal adhesions,OR,0
57.49,Other transurethral excision or destruction of lesion or tissue,OR,0
57.5,Other excision or destruction of bladder tissue,NOR,0
57.51,Excision of urachus,OR,0
57.59,Open excision or destruction of other lesion or tissue of bladder,OR,0
57.6,Partial cystectomy,OR,0
57.7,Total cystectomy,NOR,0
57.71,Radical cystectomy,OR,0
57.79,Other total cystectomy,OR,0
57.8,Other repair of urinary bladder,NOR,0
57.81,Suture of laceration of bladder,OR,0
57.82,Closure of cystostomy,OR,0
57.83,Repair of fistula involving bladder and intestine,OR,0
57.84,Repair of other fistula of bladder,OR,0
57.85,Cystourethroplasty and plastic repair of bladder neck,OR,0
57.86,Repair of bladder exstrophy,OR,0
57.87,Reconstruction of urinary bladder,OR,0
57.88,Other anastomosis of bladder,OR,0
57.89,Other repair of bladder,OR,0
57.9,Other operations on bladder,NOR,0
57.91,Sphincterotomy of bladder,OR,0
57.92,Dilation of bladder neck,NOR,0
57.93,Control of (postoperative) hemorrhage of bladder,OR,0
57.94,Insertion of indwelling urinary catheter,NOR,1
57.95,Replacement of indwelling urinary catheter,NOR,0
57.96,Implantation of electronic bladder stimulator,OR,0
57.97,Replacement of electronic bladder stimulator,OR,0
57.98,Removal of electronic bladder stimulator,OR,0
57.99,Other,OR,0
58,OR procedure Non OR procedure but affects ThaiDRG,NOR,0
58.0,Urethrotomy,OR,0
58.1,Urethral meatotomy,OR,0
58.2,Diagnostic procedures on urethra,NOR,0
58.21,Perineal urethroscopy,NOR,1
58.22,Other urethroscopy,NOR,1
58.23,Biopsy of urethra,NOR,1
58.24,Biopsy of periurethral tissue,NOR,1
58.29,Other diagnostic procedures on urethra and periurethral tissue,NOR,0
58.3,Excision or destruction of lesion or tissue of urethra,NOR,0
58.31,Endoscopic excision or destruction of lesion or tissue of urethra,NOR,1
58.39,Other local excision or destruction of lesion or tissue of urethra,NOR,0
58.4,Repair of urethra,NOR,0
58.41,Suture of laceration of urethra,OR,0
58.42,Closure of urethrostomy,OR,0
58.43,Closure of other fistula of urethra,OR,0
58.44,Reanastomosis of urethra,OR,0
58.45,Repair of hypospadias or epispadias,OR,0
58.46,Other reconstruction of urethra,OR,0
58.47,Urethral meatoplasty,OR,0
58.49,Other repair of urethra,OR,0
58.5,Release of urethral stricture,OR,0
58.6,Dilation of urethra,NOR,0
58.9,Other operations on urethra and periurethral tissue,NOR,0
58.91,Incision of periurethral tissue,OR,0
58.92,Excision of periurethral tissue,OR,0
58.93,Implantation of artificial urinary sphincter [AUS],OR,0
58.99,Other,OR,0
59,Other operations on urinary tract,NOR,0
59.0,Dissection of retroperitoneal tissue,NOR,0
59.00,"Retroperitoneal dissection, not otherwise specified",OR,0
59.02,Other lysis of perirenal or periureteral adhesions,OR,0
59.03,Laparoscopic lysis of perirenal or periureteral adhesions,OR,0
59.09,Other incision of perirenal or periureteral tissue,OR,0
59.1,Incision of perivesical tissue,NOR,0
59.11,Other lysis of perivesical adhesions,OR,0
59.12,Laparoscopic lysis of perivesical adhesions,OR,0
59.19,Other incision of perivesical tissue,OR,0
59.2,Diagnostic procedures on perirenal and perivesical tissue,NOR,0
59.21,Biopsy of perirenal or perivesical tissue,OR,0
59.29,"Other diagnostic procedures on perirenal tissue, perivesical tissue,",OR,0
59.3,Plication of urethrovesical junction,OR,0
59.4,Suprapubic sling operation,OR,0
59.5,Retropubic urethral suspension,OR,0
59.6,Paraurethral suspension,OR,0
59.7,Other repair of urinary stress incontinence,NOR,0
59.71,Levator muscle operation for urethrovesical suspension,OR,0
59.72,Injection of implant into urethra and/or bladder neck,NOR,1
59.79,Other,OR,0
59.8,,NOR,0
59.9,Other operations on urinary system,NOR,0
59.91,Excision of perirenal or perivesical tissue,OR,0
59.92,Other operations on perirenal or perivesical tissue,OR,0
59.93,Replacement of ureterostomy tube,NOR,0
59.94,Replacement of cystostomy tube,NOR,0
59.95,Ultrasonic fragmentation of urinary stones,NOR,0
59.99,Other,NOR,0
60,OR procedure Non OR procedure but affects ThaiDRG,NOR,0
60.0,Incision of prostate,OR,0
60.1,Diagnostic procedures on prostate and seminal vesicles,NOR,0
60.11,Closed [percutaneous] [needle] biopsy of prostate,NOR,1
60.12,Open biopsy of prostate,OR,0
60.14,Open biopsy of seminal vesicles,OR,0
60.15,Biopsy of periprostatic tissue,OR,0
60.18,Other diagnostic procedures on prostate and periprostatic tissue,OR,0
60.19,Other diagnostic procedures on seminal vesicles,OR,0
60.2,Transurethral prostatectomy,NOR,0
60.21,Transurethral (ultrasound) guided laser induced prostatectomy,OR,0
60.29,Other transurethral prostatectomy,OR,0
60.3,Suprapubic prostatectomy,OR,0
60.4,Retropubic prostatectomy,OR,0
60.5,Radical prostatectomy,OR,0
60.6,Other prostatectomy,NOR,0
60.61,Local excision of lesion of prostate,OR,0
60.62,Perineal prostatectomy,OR,0
60.69,Other,OR,0
60.7,Operations on seminal vesicles,NOR,0
60.71,Percutaneous aspiration of seminal vesicle,NOR,0
60.72,Incision of seminal vesicle,OR,0
60.73,Excision of seminal vesicle,OR,0
60.79,Other operations on seminal vesicles,OR,0
60.8,Incision or excision of periprostatic tissue,NOR,0
60.81,Incision of periprostatic tissue,OR,0
60.82,Excision of periprostatic tissue,OR,0
60.9,Other operations on prostate,NOR,0
60.91,Percutaneous aspiration of prostate,NOR,0
60.92,Injection into prostate test link,NOR,0
60.93,Repair of prostate,OR,0
60.94,Control of (postoperative) hemorrhage of prostate,OR,0
60.95,Transurethral balloon dilation of the prostatic urethra,OR,0
60.96,Transurethral destruction of prostate tissue by microwave,OR,0
60.97,Other transurethral destruction of prostate tissue by other,OR,0
60.99,Other,OR,0
61,Operations on scrotum and tunica vaginalis,NOR,0
61.0,Incision and drainage of scrotum and tunica vaginalis,NOR,1
61.1,Diagnostic procedures on scrotum and tunica vaginalis,NOR,0
61.11,Biopsy of scrotum or tunica vaginalis,NOR,1
61.19,Other diagnostic procedures on scrotum and tunica vaginalis,NOR,0
61.2,Excision of hydrocele (of tunica vaginalis),OR,0
61.3,Excision or destruction of lesion or tissue of scrotum,OR,0
61.4,Repair of scrotum and tunica vaginalis,NOR,0
61.41,Suture of laceration of scrotum and tunica vaginalis,NOR,0
61.42,Repair of scrotal fistula,OR,0
61.49,Other repair of scrotum and tunica vaginalis,OR,0
61.9,Other operations on scrotum and tunica vaginalis,NOR,0
61.91,Percutaneous aspiration of tunica vaginalis,NOR,0
61.92,Excision of lesion of tunica vaginalis other than hydrocele,OR,0
61.99,Other,OR,0
62,,NOR,0
62.0,Incision of testis,OR,0
62.1,Diagnostic procedures on testes,NOR,0
62.11,Closed [percutaneous] [needle] biopsy of testis,NOR,1
62.12,Open biopsy of testis,OR,0
62.19,Other diagnostic procedures on testes,OR,0
62.2,Excision or destruction of testicular lesion,OR,0
62.3,Unilateral orchiectomy,OR,0
62.4,Bilateral orchiectomy,NOR,0
62.41,Removal of both testes at same operative episode,OR,0
62.42,Removal of remaining testis,OR,0
62.5,Orchiopexy,OR,0
62.6,Repair of testes,NOR,0
62.61,Suture of laceration of testis,OR,0
62.69,Other repair of testis,OR,0
62.7,Insertion of testicular prosthesis,OR,0
62.9,Other operations on testes,NOR,0
62.91,Aspiration of testis,NOR,0
62.92,Injection of therapeutic substance into testis,NOR,0
62.99,Other,OR,0
63,"Operations on spermatic cord, epididymis, and vas deferens",NOR,0
63.0,"Diagnostic procedures on spermatic cord, epididymis, and vas",NOR,0
63.01,"Biopsy of spermatic cord, epididymis, or vas deferens",NOR,1
63.09,"Other diagnostic procedures on spermatic cord, epididymis, and",OR,0
63.1,Excision of varicocele and hydrocele of spermatic cord,OR,0
63.2,Excision of cyst of epididymis,OR,0
63.3,Excision of other lesion or tissue of spermatic cord and,OR,0
63.4,Epididymectomy,OR,0
63.5,Repair of spermatic cord and epididymis,NOR,0
63.51,Suture of laceration of spermatic cord and epididymis,OR,0
63.52,Reduction of torsion of testis or spermatic cord,NOR,0
63.53,Transplantation of spermatic cord,OR,0
63.59,Other repair of spermatic cord and epididymis,OR,0
63.6,Vasotomy,NOR,0
63.7,Vasectomy and ligation of vas deferens,NOR,0
63.70,"Male sterilization procedure, not otherwise specified",NOR,0
63.71,Ligation of vas deferens,OR,0
63.72,Ligation of spermatic cord,OR,0
63.73,Vasectomy,OR,0
63.8,Repair of vas deferens and epididymis,NOR,0
63.81,Suture of laceration of vas deferens and epididymis,OR,0
63.82,Reconstruction of surgically divided vas deferens,OR,0
63.83,Epididymovasostomy,OR,0
63.84,Removal of ligature from vas deferens,NOR,0
63.85,Removal of valve from vas deferens,OR,0
63.89,Other repair of vas deferens and epididymis,OR,0
63.9,"Other operations on spermatic cord, epididymis, and vas",NOR,0
63.91,Aspiration of spermatocele,NOR,0
63.92,Epididymotomy,OR,0
63.93,Incision of spermatic cord,OR,0
63.94,Lysis of adhesions of spermatic cord,OR,0
63.95,Insertion of valve in vas deferens,OR,0
63.99,Other,OR,0
64,OR procedure Non OR procedure but affects ThaiDRG,NOR,0
64.0,Circumcision,OR,0
64.1,Diagnostic procedures on the penis,NOR,0
64.11,Biopsy of penis,OR,0
64.2,Local excision or destruction of lesion of penis,OR,0
64.3,Amputation of penis,OR,0
64.4,Repair and plastic operation on penis,NOR,0
64.41,Suture of laceration of penis,OR,0
64.42,Release of chordee,OR,0
64.43,Construction of penis,OR,0
64.44,Reconstruction of penis,OR,0
64.45,Replantation of penis,OR,0
64.49,Other repair of penis,OR,0
64.5,"Operations for sex transformation, not elsewhere classified",OR,0
64.9,Other operations on male genital organs,NOR,0
64.91,Dorsal or Jateral slit of prepuce,NOR,0
64.92,Incision of penis,OR,0
64.93,Division of penile adhesions,OR,0
64.94,Fitting of external prosthesis of penis,NOR,0
64.95,Insertion or replacement of non-inflatable penile prosthesis,OR,0
64.96,Removal of internal prosthesis of penis,OR,0
64.97,Insertion or replacement of inflatable penile prosthesis,OR,0
64.98,Other operations on penis,OR,0
64.99,Other,OR,0
65,Operations on ovary,NOR,0
65.0,Oophorotomy,NOR,0
65.01,Laparoscopic oophorotomy,OR,0
65.09,Other oophorotomy,OR,0
65.1,Diagnostic procedures on ovaries,NOR,0
65.11,Aspiration biopsy of ovary,OR,0
65.12,Other biopsy of ovary,OR,0
65.13,Laparoscopic biopsy of ovary,OR,0
65.14,Other laparoscopic diagnostic procedures on ovaries,OR,0
65.19,Other diagnostic procedures on ovaries,OR,0
65.2,Local excision or destruction of ovarian lesion or tissue,NOR,0
65.21,Marsupialization of ovarian cyst,OR,0
65.22,Wedge resection of ovary,OR,0
65.23,Laparoscopic marsupialization of ovarian cyst,OR,0
65.24,Laparoscopic wedge resection of ovary,OR,0
65.25,Other laparoscopic local excision or destruction of ovary,OR,0
65.29,Other local excision or destruction of ovary,OR,0
65.3,Unilateral oophorectomy,NOR,0
65.31,Laparoscopic unilateral oophorectomy,OR,0
65.39,Other unilateral oophorectomy,OR,0
65.4,Unilateral salpingo-oophorectomy,NOR,0
65.41,Laparoscopic unilateral salpingo-oophorectomy,OR,0
65.49,Other unilateral salpingo-oophorectomy,OR,0
65.5,Bilateral oophorectomy,NOR,0
65.51,Other removal of both ovaries at same operative episode,OR,0
65.52,Other removal of remaining ovary,OR,0
65.53,Laparoscopic removal of both ovaries at same operative episode,OR,0
65.54,Laparoscopic removal of remaining ovary,OR,0
65.6,Bilateral salpingo-oophorectomy,NOR,0
65.61,Other removal of both ovaries and tubes at same operative,OR,0
65.62,Other removal of remaining ovary and tube,OR,0
65.63,Laparoscopic removal of both ovaries and tubes at same operative,OR,0
65.64,Laparoscopic removal of remaining ovary and tube,OR,0
65.7,Repair of ovary,NOR,0
65.71,Other simple suture of ovary,OR,0
65.72,Other reimplantation of ovary,OR,0
65.73,Other salpingo-oophoroplasty,OR,0
65.74,Laparoscopic simple suture of ovary,OR,0
65.75,Laparoscopic reimplantation of ovary,OR,0
65.76,Laparoscopic salpingo-oophoroplasty,OR,0
65.79,Other repair of ovary,OR,0
65.8,Lysis of adhesions of ovary and fallopian tube,NOR,0
65.81,Laparoscopic lysis of adhesions of ovary and fallopian tube,OR,0
65.89,Other lysis of adhesions of ovary and fallopian tube,OR,0
65.9,Other operations on ovary,NOR,0
65.91,Aspiration of ovary,OR,0
65.92,Transplantation of ovary,OR,0
65.93,Manual rupture of ovarian cyst,OR,0
65.94,Ovarian denervation,OR,0
65.95,Release of torsion of ovary,OR,0
65.99,Other,OR,0
66,OR procedure Non OR procedure but affects ThaiDRG,NOR,0
66.0,Salpingotomy and salpingostomy,NOR,0
66.01,Salpingotomy,OR,0
66.02,Salpingostomy,OR,0
66.1,Diagnostic procedures on fallopian tubes,NOR,0
66.11,Biopsy of fallopian tube,OR,0
66.19,Other diagnostic procedures on fallopian tubes,OR,0
66.2,Bilateral endoscopic destruction or occlusion of fallopian tubes,NOR,0
66.21,Bilateral endoscopic ligation and crushing of fallopian tubes,OR,0
66.22,Bilateral endoscopic ligation and division of fallopian tubes,OR,0
66.29,Other bilateral endoscopic destruction or occlusion of fallopian,OR,0
66.3,Other bilateral destruction or occlusion of fallopian tubes,NOR,0
66.31,Other bilateral ligation and crushing of fallopian tubes,OR,0
66.32,Other bilateral ligation and division of fallopian tubes,OR,0
66.39,Other bilateral destruction or occlusion of fallopian tubes,OR,0
66.4,Total unilateral salpingectomy,OR,0
66.5,Total bilateral salpingectomy,NOR,0
66.51,Removal of both fallopian tubes at same operative episode,OR,0
66.52,Removal of remaining fallopian tube,OR,0
66.6,Other salpingectomy,NOR,0
66.61,Excision or destruction of lesion of fallopian tube,OR,0
66.62,Salpingectomy with removal of tubal pregnancy,OR,0
66.63,"Bilateral partial salpingectomy, not otherwise specified",OR,0
66.69,Other partial salpingectomy,OR,0
66.7,Repair of fallopian tube,NOR,0
66.71,Simple suture of fallopian tube,OR,0
66.72,Salpingo-oophorostomy,OR,0
66.73,Salpingo-salpingostomy,OR,0
66.74,Salpingo-uterostomy,OR,0
66.79,Other repair of fallopian tube,OR,0
66.8,Insufflation of fallopian tube,NOR,0
66.9,Other operations on fallopian tubes,NOR,0
66.91,Aspiration of fallopian tube,NOR,0
66.92,Unilateral destruction or occlusion of fallopian tube,OR,0
66.93,Implantation or replacement of prosthesis of fallopian tube,OR,0
66.94,Removal of prosthesis of fallopian tube,OR,0
66.95,Insufflation of therapeutic agent into fallopian tubes,OR,0
66.96,Dilation of fallopian tube,OR,0
66.97,Burying of fimbriae in uterine wall,OR,0
66.99,Other,OR,0
67,Operations on cervix,NOR,0
67.0,Dilation of cervical canal,NOR,0
67.1,Diagnostic procedures on cervix,NOR,0
67.11,Endocervical biopsy,OR,0
67.12,Other cervical biopsy,OR,0
67.19,Other diagnostic procedures on cervix,OR,0
67.2,Conization of cervix,OR,0
67.3,Other excision or destruction of lesion or tissue of cervix,NOR,0
67.31,Marsupialization of cervical cyst,OR,0
67.32,Destruction of lesion of cervix by cauterization,OR,0
67.33,Destruction of lesion of cervix by cryosurgery,NOR,1
67.39,Other excision or destruction of lesion or tissue of cervix,OR,0
67.4,Amputation of cervix,OR,0
67.5,Repair of internal cervical os,NOR,0
67.51,Transabdominal cerclage of cervix,OR,0
67.59,Other repair of internal cervical os,OR,0
67.6,Other repair of cervix,NOR,0
67.61,Suture of laceration of cervix,OR,0
67.62,Repair of fistula of cervix,OR,0
67.69,Other repair of cervix,OR,0
68,OR procedure Non OR procedure but affects ThaiDRG,NOR,0
68.0,Hysterotomy,OR,0
68.1,Diagnostic procedures on uterus and supporting structures,NOR,0
68.11,Digital examination of uterus,NOR,0
68.12,Hysteroscopy,NOR,1
68.13,Open biopsy of uterus,OR,0
68.14,Open biopsy of uterine ligaments,OR,0
68.15,Closed biopsy of uterine ligaments,OR,0
68.16,Closed biopsy of uterus,OR,0
68.19,Other diagnostic procedures on uterus and supporting structures,OR,0
68.2,Excision or destruction of lesion or tissue of uterus,NOR,0
68.21,Division of endometrial synechiae,OR,0
68.22,Incision or excision of congenital septum of uterus,OR,0
68.23,Endometrial ablation,OR,0
68.24,Uterine artery embolization [UAE] with coils %%,OR,0
68.25,Uterine artery embolization [UAE] without coils %4,OR,0
68.29,Other excision or destruction of lesion of uterus,OR,0
68.3,Subtotal abdominal hysterectomy,NOR,0
68.31,Laparoscopic supracervical hysterectomy [LSH],OR,0
68.39,"Other and unspecified subtotal abdominal hysterectomy, NOS",OR,0
68.4,Total abdominal hysterectomy,NOR,0
68.41,Laparoscopic total abdominal hysterectomy,OR,0
68.49,Other and unspecified total abdominal hysterectomy,OR,0
68.5,Vaginal hysterectomy,NOR,0
68.51,Laparoscopically assisted vaginal hysterectomy (LAVH),OR,0
68.59,Other and unspecified vaginal hysterectomy,OR,0
68.6,Radical abdominal hysterectomy,NOR,0
68.61,Laparoscopic radical abdominal hysterectomy,OR,0
68.69,Other and unspecified radical abdominal hysterectomy,OR,0
68.7,Radical vaginal hysterectomy,NOR,0
68.71,Laparoscopic radical vaginal hysterectomy [LRVH],OR,0
68.79,Other and unspecified radical vaginal hysterectomy,OR,0
68.8,Pelvic evisceration,OR,0
68.9,Other and unspecified hysterectomy,OR,0
69,Other operations on uterus and supporting structures,NOR,0
69.0,Dilation and curettage of uterus,NOR,0
69.01,Dilation and curettage for termination of pregnancy,OR,0
69.02,Dilation and curettage following delivery or abortion,OR,0
69.09,Other dilation and curettage,OR,0
69.1,Excision or destruction of lesion or tissue of uterus and,NOR,0
69.19,Other excision or destruction of uterus and supporting structures,OR,0
69.2,Repair of uterine supporting structures,NOR,0
69.21,Interposition operation,OR,0
69.22,Other uterine suspension,OR,0
69.23,Vaginal repair of chronic inversion of uterus,OR,0
69.29,Other repair of uterus and supporting structures,OR,0
69.3,Paracervical uterine denervation,OR,0
69.4,Uterine repair,NOR,0
69.41,Suture of laceration of uterus,OR,0
69.42,Closure of fistula of uterus,OR,0
69.49,Other repair of uterus,OR,0
69.5,Aspiration curettage of uterus,NOR,0
69.51,Aspiration curettage of uterus for termination of pregnancy,OR,0
69.52,Aspiration curettage following delivery or abortion,OR,0
69.59,Other aspiration curettage of uterus,NOR,1
69.6,Menstrual extraction or regulation,NOR,0
69.7,Insertion of intrauterine contraceptive device,NOR,0
69.9,"Other operations on uterus, cervix, and supporting structures",NOR,0
69.91,Insertion of therapeutic device into uterus,NOR,0
69.92,Artificial insemination,NOR,0
69.93,Insertion of laminaria,NOR,0
69.94,Manual replacement of inverted uterus,NOR,0
69.95,Incision of cervix,OR,0
69.96,Removal of cerclage material from cervix,NOR,0
69.97,Removal of other penetrating foreign body from cervix,OR,0
69.98,Other operations on supporting structures of uterus,OR,0
69.99,Other operations on cervix and uterus,OR,0
70,OR procedure Non OR procedure but affects ThaiDRG,NOR,0
70.0,Culdocentesis,NOR,0
70.1,Incision of vagina and cul-de-sac,NOR,0
70.12,Culdotomy,OR,0
70.13,Lysis of intraluminal adhesions of vagina,OR,0
70.14,Other vaginotomy,OR,0
70.2,Diagnostic procedures on vagina and cul-de-sac,NOR,0
70.21,Vaginoscopy,NOR,1
70.22,Culdoscopy,NOR,1
70.23,Biopsy of cul-de-sac,OR,0
70.24,Vaginal biopsy,OR,0
70.29,Other diagnostic procedures on vagina and cul- de-sac,OR,0
70.3,Local excision or destruction of vagina and cul-de-sac,NOR,0
70.31,Hymenectomy,OR,0
70.32,Excision or destruction of lesion of cul-de- sac,OR,0
70.33,Excision or destruction of lesion of vagina,OR,0
70.4,Obliteration and total excision of vagina,OR,0
70.5,Repair of cystocele and rectocele,NOR,0
70.50,Repair of cystocele and rectocele,OR,0
70.51,Repair of cystocele,OR,0
70.52,Repair of rectocele,OR,0
70.53,,NOR,0
70.54,Repair of cystocele with graft or prosthesis,OR,0
70.55,Repair of rectocele with graft or prosthesis,OR,0
70.6,Vaginal construction and reconstruction,NOR,0
70.61,Vaginal construction,OR,0
70.62,Vaginal reconstruction,OR,0
70.63,Vaginal construction with graft or prosthesis,OR,0
70.64,Vaginal reconstruction with graft or prosthesis,OR,0
70.7,Other repair of vagina,NOR,0
70.71,Suture of laceration of vagina,OR,0
70.72,Repair of colovaginal fistula,OR,0
70.73,Repair of rectovaginal fistula,OR,0
70.74,Repair of other vaginoenteric fistula,OR,0
70.75,Repair of other fistula of vagina,OR,0
70.76,Hymenorrhaphy,OR,0
70.77,Vaginal suspension and fixation,OR,0
70.78,Vaginal suspension and fixation with graft or prosthesis,OR,0
70.79,Other repair of vagina,OR,0
70.8,Obliteration of vaginal vault,OR,0
70.9,Other operations on vagina and cul-de-sac,NOR,0
70.91,Other operations on vagina,NOR,1
70.92,Other operations on cul-de-sac,OR,0
70.93,Other operations on cul-de-sac with graft or prosthesis,OR,0
70.94,Insertion of biological graft,NOR,0
70.95,Insertion of synthetic graft or prosthesis,NOR,0
71,Operations on vulva and perineum,NOR,0
71.0,Incision of vulva and perineum,NOR,0
71.01,Lysis of vulvar adhesions,OR,0
71.09,Other incision of vulva and perineum,OR,0
71.1,Diagnostic procedures on vulva,NOR,0
71.11,Biopsy of vulva,NOR,1
71.19,Other diagnostic procedures on vulva,OR,0
71.2,Operations on Bartholin's gland,NOR,0
71.21,Percutaneous aspiration of Bartholin's gland (cyst),NOR,0
71.22,Incision of Bartholin's gland (cyst),NOR,1
71.23,Marsupialization of Bartholin's gland (cyst),NOR,1
71.24,Excision or other destruction of Bartholin's gland (cyst),OR,0
71.29,Other operations on Bartholin's gland,NOR,1
71.3,Other local excision or destruction of vulva and perineum,OR,0
71.4,Operations on clitoris,OR,0
71.5,Radical vulvectomy,OR,0
71.6,Other vulvectomy,NOR,0
71.61,Unilateral vulvectomy,OR,0
71.62,Bilateral vulvectomy,OR,0
71.7,Repair of vulva and perineum,NOR,0
71.71,Suture of laceration of vulva or perineum,OR,0
71.72,Repair of fistula of vulva or perineum,OR,0
71.79,Other repair of vulva and perineum,OR,0
71.8,Other operations on vulva,OR,0
71.9,Other operations on female genital organs,OR,0
72,OR procedure Non OR procedure but affects ThaiDRG,NOR,0
72.0,Low forceps operation,NOR,1
72.1,Low forceps operation with episiotomy,NOR,1
72.2,Mid forceps operation,NOR,0
72.21,Mid forceps operation with episiotomy,NOR,1
72.29,Other mid forceps operation,NOR,1
72.3,High forceps operation,NOR,0
72.31,High forceps operation with episiotomy,NOR,1
72.39,Other high forceps operation,NOR,1
72.4,Forceps rotation of fetal head,NOR,1
72.5,Breech extraction,NOR,0
72.51,Partial breech extraction with forceps to aftercoming head,NOR,1
72.52,Other partial breech extraction,NOR,1
72.53,Total breech extraction with forceps to aftercoming head,NOR,1
72.54,Other total breech extraction,NOR,1
72.6,Forceps application to aftercoming head,NOR,0
72.7,Vacuum extraction,NOR,0
72.71,Vacuum extraction with episiotomy,NOR,1
72.79,Other vacuum extraction,NOR,1
72.8,Other specified instrumental delivery,NOR,0
72.9,Unspecified instrumental delivery,NOR,0
73,Other procedures inducing or assisting delivery,NOR,0
73.0,Artificial rupture of membranes,NOR,0
73.01,Induction of labor by artificial rupture of membranes,NOR,0
73.09,Other artificial rupture of membranes,NOR,0
73.1,Other surgical induction of labor,NOR,0
73.2,Internal and combined version and extraction,NOR,0
73.21,Internal and combined version without extraction,NOR,1
73.22,Internal and combined version with extraction,NOR,1
73.3,Failed forceps,NOR,1
73.4,Medical induction of labor,NOR,0
73.5,Manually assisted delivery,NOR,0
73.51,Manual rotation of fetal head,NOR,0
73.59,Other manually assisted delivery,NOR,0
73.6,Episiotomy,NOR,0
73.8,Operations on fetus to facilitate delivery,NOR,1
73.9,Other operations assisting delivery,NOR,0
73.91,External version,NOR,0
73.92,Replacement of prolapsed umbilical cord,NOR,1
73.93,Incision of cervix to assist delivery,NOR,0
73.94,Pubiotomy to assist delivery,NOR,0
73.99,Other,OR,0
74,OR procedure Non OR procedure but affects ThaiDRG,NOR,0
74.0,Classical cesarean section,OR,0
74.1,Low cervical cesarean section,OR,0
74.2,Extraperitoneal cesarean section,OR,0
74.3,Removal of extratubal ectopic pregnancy,OR,0
74.4,Cesarean section of other specified type,OR,0
74.9,Cesarean section of unspecified type,NOR,0
74.91,Hysterotomy to terminate pregnancy,OR,0
74.99,Other cesarean section of unspecified type,OR,0
75,Other obstetric operations,NOR,0
75.0,Intra-amniotic injection for abortion,NOR,1
75.1,Diagnostic amniocentesis,NOR,1
75.2,Intrauterine transfusion,NOR,1
75.3,Other intrauterine operations on fetus and amnion,NOR,0
75.31,Amnioscopy,NOR,1
75.32,Fetal EKG (scalp),NOR,0
75.33,Fetal blood sampling and biopsy,NOR,1
75.34,Other fetal monitoring,NOR,0
75.35,Other diagnostic procedures on fetus and amnion,NOR,0
75.36,Correction of fetal defect,OR,0
75.37,Amnioinfusion,NOR,1
75.38,Fetal pulse oximetry,NOR,0
75.4,Manual removal of retained placenta,NOR,1
75.5,Repair of current obstetric laceration of uterus,NOR,0
75.50,"Repair of current obstetric laceration of uterus, not otherwise",OR,0
75.51,Repair of current obstetric laceration of cervix,OR,0
75.52,Repair of current obstetric laceration of corpus uteri,OR,0
75.6,Repair of other current obstetric laceration,NOR,0
75.61,Repair of current obstetric laceration of bladder and urethra,OR,0
75.62,Repair of current obstetric laceration of rectum and sphincter ani,NOR,1
75.69,Repair of other current obstetric laceration,NOR,0
75.7,"Manual exploration of uterine cavity, postpartum",NOR,1
75.8,Obstetric tamponade of uterus or vagina,NOR,0
75.9,Other obstetric operations,NOR,0
75.91,Evacuation of obstetrical incisional hematoma of perineum,NOR,1
75.92,Evacuation of other hematoma of vulva or vagina,NOR,1
75.93,Surgical correction of inverted uterus,OR,0
75.94,Manual replacement of inverted uterus,NOR,1
75.99,Other,OR,0
76,OR procedure Non OR procedure but affects ThaiDRG,NOR,0
76.0,Incision of facial bone without division,NOR,0
76.01,Sequestrectomy of facial bone,OR,0
76.09,Other incision of facial bone,OR,0
76.1,Diagnostic procedures on facial bones and joints,NOR,0
76.11,Biopsy of facial bone,OR,0
76.19,Other diagnostic procedures on facial bones and joints,OR,0
76.2,Local excision or destruction of lesion of facial bone,OR,0
76.3,Partial ostectomy of facial bone,NOR,0
76.31,Partial mandibulectomy,OR,0
76.39,Partial ostectomy of other facial bone,OR,0
76.4,Excision and reconstruction of facial bones,NOR,0
76.41,Total mandibulectomy with synchronous reconstruction,OR,0
76.42,Other total mandibulectomy,OR,0
76.43,Other reconstruction of mandible,OR,0
76.44,Total ostectomy of other facial bone with synchronous,OR,0
76.45,Other total ostectomy of other facial bone,OR,0
76.46,Other reconstruction of other facial bone,OR,0
76.5,Temporomandibular arthroplasty,OR,0
76.6,Other facial bone repair and orthognathic surgery,NOR,0
76.61,Closed osteoplasty [osteotomy] of mandibular ramus,OR,0
76.62,Open osteoplasty [osteotomy] of mandibular ramus,OR,0
76.63,Osteoplasty [osteotomy] of body of mandible,OR,0
76.64,Other orthognathic surgery on mandible,OR,0
76.65,Segmental osteoplasty [osteotomy] of maxilla,OR,0
76.66,Total osteoplasty [osteotomy] of maxilla,OR,0
76.67,Reduction genioplasty,OR,0
76.68,Augmentation genioplasty,OR,0
76.69,Other facial bone repair,OR,0
76.7,Reduction of facial fracture,NOR,0
76.70,"Reduction of facial fracture, not otherwise specified",OR,0
76.71,Closed reduction of malar and zygomatic fracture,NOR,1
76.72,Open reduction of malar and zygomatic fracture,OR,0
76.73,Closed reduction of maxillary fracture,NOR,0
76.74,Open reduction of maxillary fracture,OR,0
76.75,Closed reduction of mandibular fracture,NOR,0
76.76,Open reduction of mandibular fracture,OR,0
76.77,Open reduction of alveolar fracture,OR,0
76.78,Other closed reduction of facial fracture,NOR,0
76.79,Other open reduction of facial fracture,OR,0
76.9,Other operations on facial bones and joints,NOR,0
76.91,Bone graft to facial bone,OR,0
76.92,Insertion of synthetic implant in facial bone,OR,0
76.93,Closed reduction of temporomandibular dislocation,NOR,0
76.94,Open reduction of temporomandibular dislocation,OR,0
76.95,Other manipulation of temporomandibular joint,NOR,0
76.96,Injection of therapeutic substance into temporomandibular joint,NOR,0
76.97,Removal of internal fixation device from facial bone,OR,0
76.99,Other,OR,0
77,"Incision, excision, and division of other bones",NOR,0
77.0,Sequestrectomy 9,OR,0
77.00,Sequestrectomy 9 — unspecified site,OR,0
77.01,"Sequestrectomy 9 — scapula, clavicle, and thorax [ribs and sternum]",OR,0
77.02,Sequestrectomy 9 — humerus,OR,0
77.03,Sequestrectomy 9 — radius and ulna,OR,0
77.04,Sequestrectomy 9 — carpals and metacarpals,OR,0
77.05,Sequestrectomy 9 — femur,OR,0
77.06,Sequestrectomy 9 — patella,OR,0
77.07,Sequestrectomy 9 — tibia and fibula,OR,0
77.08,Sequestrectomy 9 — tarsals and metatarsals,OR,0
77.09,Sequestrectomy 9 — other,OR,0
77.1,Other incision of bone without division,OR,0
77.15,"Hofmeister (gastrectomy) 43.7,",NOR,0
77.2,Wedge osteotomy,OR,0
77.3,Other division of bone,OR,0
77.39,hematopoietic 92.05,NOR,0
77.4,Biopsy of bone,OR,0
77.40,Biopsy of bone — unspecified site,OR,0
77.41,"Biopsy of bone — scapula, clavicle, and thorax [ribs and sternum]",OR,0
77.42,Biopsy of bone — humerus,OR,0
77.43,Biopsy of bone — radius and ulna,OR,0
77.44,Biopsy of bone — carpals and metacarpals,OR,0
77.45,Biopsy of bone — femur,OR,0
77.46,Biopsy of bone — patella,OR,0
77.47,Biopsy of bone — tibia and fibula,OR,0
77.48,Biopsy of bone — tarsals and metatarsals,OR,0
77.49,Biopsy of bone — other,OR,0
77.5,Excision and repair of bunion and other toe deformities,OR,0
77.51,Bunionectomy with soft tissue correction and osteotomy of the,OR,0
77.52,Bunionectomy with soft tissue correction and arthrodesis,OR,0
77.53,Other bunionectomy with soft tissue correction,OR,0
77.54,Excision or correction of bunionette,OR,0
77.56,Repair of hammer toe,OR,0
77.57,Repair of claw toe,OR,0
77.58,"Other excision, fusion and repair of toes",OR,0
77.59,Other bunionectomy,OR,0
77.6,Local excision of lesion or tissue of bone,OR,0
77.60,Local excision of lesion or tissue of bone — unspecified site,OR,0
77.61,"Local excision of lesion or tissue of bone — scapula, clavicle, and thorax [ribs and sternum]",OR,0
77.62,Local excision of lesion or tissue of bone — humerus,OR,0
77.63,Local excision of lesion or tissue of bone — radius and ulna,OR,0
77.64,Local excision of lesion or tissue of bone — carpals and metacarpals,OR,0
77.65,Local excision of lesion or tissue of bone — femur,OR,0
77.66,Local excision of lesion or tissue of bone — patella,OR,0
77.67,Local excision of lesion or tissue of bone — tibia and fibula,OR,0
77.68,Local excision of lesion or tissue of bone — tarsals and metatarsals,OR,0
77.69,Local excision of lesion or tissue of bone — other,OR,0
77.7,Excision of bone for graft,OR,0
77.70,Excision of bone for graft — unspecified site,OR,0
77.71,"Excision of bone for graft — scapula, clavicle, and thorax [ribs and sternum]",OR,0
77.72,Excision of bone for graft — humerus,OR,0
77.73,Excision of bone for graft — radius and ulna,OR,0
77.74,Excision of bone for graft — carpals and metacarpals,OR,0
77.75,Excision of bone for graft — femur,OR,0
77.76,Excision of bone for graft — patella,OR,0
77.77,Excision of bone for graft — tibia and fibula,OR,0
77.78,Excision of bone for graft — tarsals and metatarsals,OR,0
77.79,Excision of bone for graft — other,OR,0
77.8,Other partial ostectomy,OR,0
77.80,Other partial ostectomy — unspecified site,OR,0
77.81,"Other partial ostectomy — scapula, clavicle, and thorax [ribs and sternum]",OR,0
77.82,Other partial ostectomy — humerus,OR,0
77.83,Other partial ostectomy — radius and ulna,OR,0
77.84,Other partial ostectomy — carpals and metacarpals,OR,0
77.85,Other partial ostectomy — femur,OR,0
77.86,Other partial ostectomy — patella,OR,0
77.87,Other partial ostectomy — tibia and fibula,OR,0
77.88,Other partial ostectomy — tarsals and metatarsals,OR,0
77.89,Other partial ostectomy — other,OR,0
77.9,Total ostectomy,OR,0
77.90,Total ostectomy — unspecified site,OR,0
77.91,"Total ostectomy — scapula, clavicle, and thorax [ribs and sternum]",OR,0
77.92,Total ostectomy — humerus,OR,0
77.93,Total ostectomy — radius and ulna,OR,0
77.94,Total ostectomy — carpals and metacarpals,OR,0
77.95,Total ostectomy — femur,OR,0
77.96,Total ostectomy — patella,OR,0
77.97,Total ostectomy — tibia and fibula,OR,0
77.98,Total ostectomy — tarsals and metatarsals,OR,0
77.99,Total ostectomy — other,OR,0
78,OR procedure Non OR procedure but affects ThaiDRG,NOR,0
78.0,Bone graft,OR,0
78.00,Bone graft — unspecified site,OR,0
78.01,"Bone graft — scapula, clavicle, and thorax [ribs and sternum]",OR,0
78.02,Bone graft — humerus,OR,0
78.03,Bone graft — radius and ulna,OR,0
78.04,Bone graft — carpals and metacarpals,OR,0
78.05,Bone graft — femur,OR,0
78.06,Bone graft — patella,OR,0
78.07,Bone graft — tibia and fibula,OR,0
78.08,Bone graft — tarsals and metatarsals,OR,0
78.09,Bone graft — other,OR,0
78.1,Application of external fixator device,OR,0
78.2,Limb shortening procedures,OR,0
78.20,Limb shortening procedures — unspecified site,OR,0
78.22,Limb shortening procedures — humerus,OR,0
78.23,Limb shortening procedures — radius and ulna,OR,0
78.24,Limb shortening procedures — carpals and metacarpals,OR,0
78.25,Limb shortening procedures — femur,OR,0
78.27,Limb shortening procedures — tibia and fibula,OR,0
78.28,Limb shortening procedures — tarsals and metatarsals,OR,0
78.29,Limb shortening procedures — other,OR,0
78.3,Limb lengthening procedures,OR,0
78.30,Limb lengthening procedures — unspecified site,OR,0
78.32,Limb lengthening procedures — humerus,OR,0
78.33,Limb lengthening procedures — radius and ulna,OR,0
78.34,Limb lengthening procedures — carpals and metacarpals,OR,0
78.35,Limb lengthening procedures — femur,OR,0
78.37,Limb lengthening procedures — tibia and fibula,OR,0
78.38,Limb lengthening procedures — tarsals and metatarsals,OR,0
78.39,Limb lengthening procedures — other,OR,0
78.4,Other repair or plastic operations on bone,OR,0
78.40,Other repair or plastic operations on bone — unspecified site,OR,0
78.41,"Other repair or plastic operations on bone — scapula, clavicle, and thorax [ribs and sternum]",OR,0
78.42,Other repair or plastic operations on bone — humerus,OR,0
78.43,Other repair or plastic operations on bone — radius and ulna,OR,0
78.44,Other repair or plastic operations on bone — carpals and metacarpals,OR,0
78.45,Other repair or plastic operations on bone — femur,OR,0
78.46,Other repair or plastic operations on bone — patella,OR,0
78.47,Other repair or plastic operations on bone — tibia and fibula,OR,0
78.48,Other repair or plastic operations on bone — tarsals and metatarsals,OR,0
78.49,Other repair or plastic operations on bone — other,OR,0
78.5,Internal fixation of bone without fracture reduction,OR,0
78.50,palpebrae 08.36,NOR,0
78.6,Removal of implanted devices from bone,OR,0
78.60,Removal of implanted devices from bone — unspecified site,OR,0
78.61,"Removal of implanted devices from bone — scapula, clavicle, and thorax [ribs and sternum]",OR,0
78.62,Removal of implanted devices from bone — humerus,OR,0
78.63,Removal of implanted devices from bone — radius and ulna,OR,0
78.64,Removal of implanted devices from bone — carpals and metacarpals,OR,0
78.65,Removal of implanted devices from bone — femur,OR,0
78.66,Removal of implanted devices from bone — patella,OR,0
78.67,Removal of implanted devices from bone — tibia and fibula,OR,0
78.68,Removal of implanted devices from bone — tarsals and metatarsals,OR,0
78.69,Removal of implanted devices from bone — other,OR,0
78.7,Osteoclasis,OR,0
78.70,Osteoclasis — unspecified site,OR,0
78.71,"Osteoclasis — scapula, clavicle, and thorax [ribs and sternum]",OR,0
78.72,Osteoclasis — humerus,OR,0
78.73,Osteoclasis — radius and ulna,OR,0
78.74,Osteoclasis — carpals and metacarpals,OR,0
78.75,Osteoclasis — femur,OR,0
78.76,Osteoclasis — patella,OR,0
78.77,Osteoclasis — tibia and fibula,OR,0
78.78,Osteoclasis — tarsals and metatarsals,OR,0
78.79,Osteoclasis — other,OR,0
78.8,"Diagnostic procedures on bone, not elsewhere classified",OR,0
78.80,"Diagnostic procedures on bone, not elsewhere classified — unspecified site",OR,0
78.81,"Diagnostic procedures on bone, not elsewhere classified — scapula, clavicle, and thorax [ribs and sternum]",OR,0
78.82,"Diagnostic procedures on bone, not elsewhere classified — humerus",OR,0
78.83,"Diagnostic procedures on bone, not elsewhere classified — radius and ulna",OR,0
78.84,"Diagnostic procedures on bone, not elsewhere classified — carpals and metacarpals",OR,0
78.85,"Diagnostic procedures on bone, not elsewhere classified — femur",OR,0
78.86,"Diagnostic procedures on bone, not elsewhere classified — patella",OR,0
78.87,"Diagnostic procedures on bone, not elsewhere classified — tibia and fibula",OR,0
78.88,"Diagnostic procedures on bone, not elsewhere classified — tarsals and metatarsals",OR,0
78.89,"Diagnostic procedures on bone, not elsewhere classified — other",OR,0
78.9,Insertion of bone growth stimulator,OR,0
79,Reduction of fracture and dislocation,NOR,0
79.0,Closed reduction of fracture without internal fixation,NOR,0
79.00,Closed reduction of fracture without internal fixation — unspecified site,NOR,0
79.01,Closed reduction of fracture without internal fixation — humerus,NOR,0
79.02,Closed reduction of fracture without internal fixation — radius and ulna,NOR,0
79.03,Closed reduction of fracture without internal fixation — carpals and metacarpals,NOR,0
79.04,Closed reduction of fracture without internal fixation — phalanges of hand,NOR,0
79.05,Closed reduction of fracture without internal fixation — femur,NOR,0
79.06,Closed reduction of fracture without internal fixation — tibia and fibula,NOR,0
79.07,Closed reduction of fracture without internal fixation — tarsals and metatarsals,NOR,0
79.08,Closed reduction of fracture without internal fixation — phalanges of foot,NOR,0
79.09,Closed reduction of fracture without internal fixation — other specified bone,NOR,0
79.1,Closed reduction of fracture with internal fixation,OR,0
79.10,Closed reduction of fracture with internal fixation — unspecified site,OR,0
79.11,Closed reduction of fracture with internal fixation — humerus,OR,0
79.12,Closed reduction of fracture with internal fixation — radius and ulna,OR,0
79.13,Closed reduction of fracture with internal fixation — carpals and metacarpals,OR,0
79.14,Closed reduction of fracture with internal fixation — phalanges of hand,OR,0
79.15,Closed reduction of fracture with internal fixation — femur,OR,0
79.16,Closed reduction of fracture with internal fixation — tibia and fibula,OR,0
79.17,Closed reduction of fracture with internal fixation — tarsals and metatarsals,OR,0
79.18,Closed reduction of fracture with internal fixation — phalanges of foot,OR,0
79.19,Closed reduction of fracture with internal fixation — other specified bone,OR,0
79.2,Open reduction of fracture without internal fixation,OR,0
79.20,Open reduction of fracture without internal fixation — unspecified site,OR,0
79.21,Open reduction of fracture without internal fixation — humerus,OR,0
79.22,Open reduction of fracture without internal fixation — radius and ulna,OR,0
79.23,Open reduction of fracture without internal fixation — carpals and metacarpals,OR,0
79.24,Open reduction of fracture without internal fixation — phalanges of hand,OR,0
79.25,Open reduction of fracture without internal fixation — femur,OR,0
79.26,Open reduction of fracture without internal fixation — tibia and fibula,OR,0
79.27,Open reduction of fracture without internal fixation — tarsals and metatarsals,OR,0
79.28,Open reduction of fracture without internal fixation — phalanges of foot,OR,0
79.29,Open reduction of fracture without internal fixation — other specified bone,OR,0
79.3,Open reduction of fracture with internal fixation,OR,0
79.30,Open reduction of fracture with internal fixation — unspecified site,OR,0
79.31,Open reduction of fracture with internal fixation — humerus,OR,0
79.32,Open reduction of fracture with internal fixation — radius and ulna,OR,0
79.33,Open reduction of fracture with internal fixation — carpals and metacarpals,OR,0
79.34,Open reduction of fracture with internal fixation — phalanges of hand,OR,0
79.35,Open reduction of fracture with internal fixation — femur,OR,0
79.36,Open reduction of fracture with internal fixation — tibia and fibula,OR,0
79.37,Open reduction of fracture with internal fixation — tarsals and metatarsals,OR,0
79.38,Open reduction of fracture with internal fixation — phalanges of foot,OR,0
79.39,Open reduction of fracture with internal fixation — other specified bone,OR,0
79.4,Closed reduction of separated epiphysis,OR,0
79.40,Closed reduction of separated epiphysis — unspecified site,OR,0
79.41,Closed reduction of separated epiphysis — humerus,OR,0
79.42,Closed reduction of separated epiphysis — radius and ulna,OR,0
79.45,Closed reduction of separated epiphysis — femur,OR,0
79.46,Closed reduction of separated epiphysis — tibia and fibula,OR,0
79.49,Closed reduction of separated epiphysis — other specified bone,OR,0
79.5,Open reduction of separated epiphysis,OR,0
79.50,Open reduction of separated epiphysis — unspecified site,OR,0
79.51,Open reduction of separated epiphysis — humerus,OR,0
79.52,Open reduction of separated epiphysis — radius and ulna,OR,0
79.55,Open reduction of separated epiphysis — femur,OR,0
79.56,Open reduction of separated epiphysis — tibia and fibula,OR,0
79.59,Open reduction of separated epiphysis — other specified bone,OR,0
79.6,Debridement of open fracture site,OR,0
79.60,Debridement of open fracture site — unspecified site,OR,0
79.61,Debridement of open fracture site — humerus,OR,0
79.62,Debridement of open fracture site — radius and ulna,OR,0
79.63,Debridement of open fracture site — carpals and metacarpals,OR,0
79.64,Debridement of open fracture site — phalanges of hand,OR,0
79.65,Debridement of open fracture site — femur,OR,0
79.66,Debridement of open fracture site — tibia and fibula,OR,0
79.67,Debridement of open fracture site — tarsals and metatarsals,OR,0
79.68,Debridement of open fracture site — phalanges of foot,OR,0
79.69,Debridement of open fracture site — other specified bone,OR,0
79.7,Closed reduction of dislocation,NOR,0
79.70,Closed reduction of dislocation of unspecified site,NOR,0
79.71,Closed reduction of dislocation of shoulder,NOR,1
79.72,Closed reduction of dislocation of elbow,NOR,0
79.73,Closed reduction of dislocation of wrist,NOR,0
79.74,Closed reduction of dislocation of hand and finger,NOR,0
79.75,Closed reduction of dislocation of hip,NOR,1
79.76,Closed reduction of dislocation of knee,NOR,1
79.77,Closed reduction of dislocation of ankle,NOR,0
79.78,Closed reduction of dislocation of foot and toe,NOR,0
79.79,Closed reduction of dislocation of other specified sites,NOR,1
79.8,Open reduction of dislocation,NOR,0
79.80,Open reduction of dislocation of unspecified site,OR,0
79.81,Open reduction of dislocation of shoulder,OR,0
79.82,Open reduction of dislocation of elbow,OR,0
79.83,Open reduction of dislocation of wrist,OR,0
79.84,Open reduction of dislocation of hand and finger,OR,0
79.85,Open reduction of dislocation of hip,OR,0
79.86,Open reduction of dislocation of knee,OR,0
79.87,Open reduction of dislocation of ankle,OR,0
79.88,Open reduction of dislocation of foot and toe,OR,0
79.89,Open reduction of dislocation of other specified sites,OR,0
79.9,Unspecified operation on bone injury 9,OR,0
80,OR procedure Non OR procedure but affects ThaiDRG,NOR,0
80.0,Arthrotomy for removal of prosthesis without replacement,OR,0
80.00,Arthrotomy for removal of prosthesis without replacement — unspecified site,OR,0
80.01,Arthrotomy for removal of prosthesis without replacement — shoulder,OR,0
80.02,Arthrotomy for removal of prosthesis without replacement — elbow,OR,0
80.03,Arthrotomy for removal of prosthesis without replacement — wrist,OR,0
80.04,Arthrotomy for removal of prosthesis without replacement — hand and finger,OR,0
80.05,Arthrotomy for removal of prosthesis without replacement (หลักที่ 4 = 5),OR,0
80.06,Arthrotomy for removal of prosthesis without replacement — knee,OR,0
80.07,Arthrotomy for removal of prosthesis without replacement — ankle,OR,0
80.08,Arthrotomy for removal of prosthesis without replacement — foot and toe,OR,0
80.09,Arthrotomy for removal of prosthesis without replacement — other specified sites,OR,0
80.1,Other arthrotomy,OR,0
80.2,Arthroscopy,OR,0
80.20,Arthroscopy — unspecified site,OR,0
80.21,Arthroscopy — shoulder,OR,0
80.22,Arthroscopy — elbow,OR,0
80.23,Arthroscopy — wrist,OR,0
80.24,Arthroscopy — hand and finger,OR,0
80.25,Arthroscopy (หลักที่ 4 = 5),OR,0
80.26,Arthroscopy — knee,OR,0
80.27,Arthroscopy — ankle,OR,0
80.28,Arthroscopy — foot and toe,OR,0
80.29,Arthroscopy — other specified sites,OR,0
80.3,Biopsy of joint structure,NOR,0
80.4,"Division of joint capsule, ligament, or cartilage",OR,0
80.40,fetal 73.8,NOR,0
80.48,Whipple (radical,NOR,0
80.5,"Excision, destruction and other repair of intervertebral disc",NOR,0
80.50,"Excision or destruction of intervertebral disc, unspecified",OR,0
80.51,Excision of intervertebral disc,OR,0
80.52,Intervertebral chemonucleolysis,NOR,0
80.53,Repair of the anulus fibrosus with graft or prosthesis,OR,0
80.54,Other and unspecified repair of the anulus fibrosus,OR,0
80.59,Other destruction of intervertebral disc,OR,0
80.6,Excision of semilunar cartilage of knee,OR,0
80.7,Synovectomy,OR,0
80.70,Synovectomy — unspecified site,OR,0
80.71,Synovectomy — shoulder,OR,0
80.72,Synovectomy — elbow,OR,0
80.73,Synovectomy — wrist,OR,0
80.74,Synovectomy — hand and finger,OR,0
80.75,Synovectomy (หลักที่ 4 = 5),OR,0
80.76,Synovectomy — knee,OR,0
80.77,Synovectomy — ankle,OR,0
80.78,Synovectomy — foot and toe,OR,0
80.79,Synovectomy — other specified sites,OR,0
80.8,Other local excision or destruction of lesion of joint,OR,0
80.80,Other local excision or destruction of lesion of joint — unspecified site,OR,0
80.81,Other local excision or destruction of lesion of joint — shoulder,OR,0
80.82,Other local excision or destruction of lesion of joint — elbow,OR,0
80.83,Other local excision or destruction of lesion of joint — wrist,OR,0
80.84,Other local excision or destruction of lesion of joint — hand and finger,OR,0
80.85,Other local excision or destruction of lesion of joint (หลักที่ 4 = 5),OR,0
80.86,Other local excision or destruction of lesion of joint — knee,OR,0
80.87,Other local excision or destruction of lesion of joint — ankle,OR,0
80.88,Other local excision or destruction of lesion of joint — foot and toe,OR,0
80.89,Other local excision or destruction of lesion of joint — other specified sites,OR,0
80.9,Other excision of joint,OR,0
80.90,Other excision of joint — unspecified site,OR,0
80.91,Other excision of joint — shoulder,OR,0
80.92,Other excision of joint — elbow,OR,0
80.93,Other excision of joint — wrist,OR,0
80.94,Other excision of joint — hand and finger,OR,0
80.95,Other excision of joint (หลักที่ 4 = 5),OR,0
80.96,Other excision of joint — knee,OR,0
80.97,Other excision of joint — ankle,OR,0
80.98,Other excision of joint — foot and toe,OR,0
80.99,Other excision of joint — other specified sites,OR,0
81,Repair and plastic operations on joint structures,NOR,0
81.0,Spinal fusion,NOR,0
81.00,"Spinal fusion, not otherwise specified",OR,0
81.01,Atlas-axis spinal fusion,OR,0
81.02,"Other cervical fusion of the anterior column, anterior technique",OR,0
81.03,"Other cervical fusion of the posterior column, posterior",OR,0
81.04,"Dorsal and dorsolumbar fusion of the anterior column, anterior",OR,0
81.05,"Dorsal and dorsolumbar fusion of the posterior column, posterior",OR,0
81.06,"Lumbar and lumbosacral fusion of the anterior column, anterior",OR,0
81.07,"Lumbar and lumbosacral fusion of the posterior column, posterior",OR,0
81.08,"Lumbar and lumbosacral fusion of the anterior column, posterior",OR,0
81.1,Arthrodesis and arthroereisis of foot and ankle,NOR,0
81.11,Ankle fusion,OR,0
81.12,Triple arthrodesis,OR,0
81.13,Subtalar fusion,OR,0
81.14,Midtarsal fusion,OR,0
81.15,Tarsometatarsal fusion,OR,0
81.16,Metatarsophalangeal fusion,OR,0
81.17,Other fusion of foot,OR,0
81.18,Subtalar joint arthroereisis,OR,0
81.2,Arthrodesis of other joint,NOR,0
81.20,Arthrodesis of unspecified joint,OR,0
81.21,Arthrodesis of hip,OR,0
81.22,Arthrodesis of knee,OR,0
81.23,Arthrodesis of shoulder,OR,0
81.24,Arthrodesis of elbow,OR,0
81.25,Carporadial fusion,OR,0
81.26,Metacarpocarpal fusion,OR,0
81.27,Metacarpophalangeal fusion,OR,0
81.28,Interphalangeal fusion,OR,0
81.29,Arthrodesis of other specified joints,OR,0
81.3,Refusion of spine,NOR,0
81.30,"Refusion of spine, not otherwise specified",OR,0
81.31,Refusion of atlas-axis spine,OR,0
81.32,"Refusion of other cervical spine, anterior coulmun, anterior",OR,0
81.33,"Refusion of other cervical spine, posterior column, posterior",OR,0
81.34,"Refusion of dorsal and dorsolumbar spine, anterior column, anterior",OR,0
81.35,"Refusion of dorsal and dorsolumbar spine, posterior column, posterior",OR,0
81.36,"Refusion of lumbar and lumbosacral spine, anterior column, anterior",OR,0
81.37,"Refusion of lumbar and lumbosacral spine, posterior column,",OR,0
81.38,"Refusion of lumbar and lumbosacral spine, anterior column, posterior",OR,0
81.39,"Refusion of spine, not elsewhere classified",OR,0
81.4,Other repair of joint of lower extremity,NOR,0
81.40,"Repair of hip, not elsewhere classified",OR,0
81.42,Five-in-one repair of knee,OR,0
81.43,Triad knee repair,OR,0
81.44,Patellar stabilization,OR,0
81.45,Other repair of the cruciate ligaments,OR,0
81.46,Other repair of the collateral ligaments,OR,0
81.47,Other repair of knee,OR,0
81.49,Other repair of ankle,OR,0
81.5,Joint replacement of lower extremity,NOR,0
81.51,Total hip replacement,OR,0
81.52,Partial hip replacement,OR,0
81.53,"Revision of hip replacement, not otherwise specified",OR,0
81.54,Total knee replacement,OR,0
81.55,Revision of knee replacementnot otherwise specified,OR,0
81.56,Total ankle replacement,OR,0
81.57,Replacement of joint of foot and toe,OR,0
81.59,"Revision of joint replacement of lower extremity, not elsewhere",OR,0
81.6,Other procedures on spine,NOR,0
81.62,Fusion or refusion of 2-3 vertebrae,NOR,0
81.63,Fusion or refusion of 4- 8 vertebrae,NOR,0
81.64,to show the total number of vertebrae fused on the patient.,NOR,0
81.65,Percutaneous vertebroplasty,OR,0
81.66,Percutaneous vertebral augmentation,OR,0
81.7,"Arthroplasty and repair of hand, fingers and wrist",NOR,0
81.71,Arthroplasty of metacarpophalangeal and interphalangeal joint,OR,0
81.72,Arthroplasty of metacarpophalangeal and interphalangeal joint,OR,0
81.73,Total wrist replacement,OR,0
81.74,Arthroplasty of carpocarpal or carpometacarpal joint with implant,OR,0
81.75,Arthroplasty of carpocarpal or carpometacarpal joint without,OR,0
81.79,"Other repair of hand, fingers and wrist",OR,0
81.8,Arthroplasty and repair of shoulder and elbow,NOR,0
81.80,Other total shoulder replacement,OR,0
81.81,Partial shoulder replacement,OR,0
81.82,Repair of recurrent dislocation of shoulder,OR,0
81.83,Other repair of shoulder,OR,0
81.84,Total elbow replacement,OR,0
81.85,Other repair of elbow,OR,0
81.88,Reverse total shoulder replacement Wh,OR,0
81.9,Other operations on joint structures,NOR,0
81.91,Arthrocentesis,NOR,1
81.92,Injection of therapeutic substance into joint or ligament,NOR,0
81.93,Suture of capsule or ligament of upper extremity,OR,0
81.94,Suture of capsule or ligament of ankle and foot,OR,0
81.95,Suture of capsule or ligament of other lower extremity,OR,0
81.96,Other repair of joint,OR,0
81.97,,NOR,0
81.98,Other diagnostic procedures on joint structures,OR,0
81.99,Other,OR,0
82,OR procedure Non OR procedure but affects ThaiDRG,NOR,0
82.0,"Incision of muscle, tendon, fascia, and bursa of hand",NOR,0
82.01,Exploration of tendon sheath of hand,OR,0
82.02,Myotomy of hand,OR,0
82.03,Bursotomy of hand,OR,0
82.04,Incision and drainage of palmar or thenar space,NOR,0
82.09,Other incision of soft tissue of hand,OR,0
82.1,"Division of muscle, tendon, and fascia of hand",NOR,0
82.11,Tenotomy of hand,OR,0
82.12,Fasciotomy of hand,OR,0
82.19,Other division of soft tissue of hand,OR,0
82.2,"Excision of lesion of muscle, tendon, and fascia of hand",NOR,0
82.21,Excision of lesion of tendon sheath of hand,OR,0
82.22,Excision of lesion of muscle of hand,OR,0
82.29,Excision of other lesion of soft tissue of hand,OR,0
82.3,Other excision of soft tissue of hand,NOR,0
82.31,Bursectomy of hand,OR,0
82.32,Excision of tendon of hand for graft,OR,0
82.33,Other tenonectomy of hand,OR,0
82.34,Excision of muscle or fascia of hand for graft,OR,0
82.35,Other fasciectomy of hand,OR,0
82.36,Other myectomy of hand,OR,0
82.39,Other excision of soft tissue of hand,OR,0
82.4,"Suture of muscle, tendon, and fascia of hand",NOR,0
82.41,Suture of tendon sheath of hand,OR,0
82.42,Delayed suture of flexor tendon of hand,OR,0
82.43,Delayed suture of other tendon of hand,OR,0
82.44,Other suture of flexor tendon of hand,OR,0
82.45,Other suture of other tendon of hand,OR,0
82.46,Suture of muscle or fascia of hand,OR,0
82.5,Transplantation of muscle and tendon of hand,NOR,0
82.51,Advancement of tendon of hand,OR,0
82.52,Recession of tendon of hand,OR,0
82.53,Reattachment of tendon of hand,OR,0
82.54,Reattachment of muscle of hand,OR,0
82.55,Other change in hand muscle or tendon length,OR,0
82.56,Other hand tendon transfer or transplantation,OR,0
82.57,Other hand tendon transposition,OR,0
82.58,Other hand muscle transfer or transplantation,OR,0
82.59,Other hand muscle transposition,OR,0
82.6,Reconstruction of thumb,NOR,0
82.61,Pollicization operation carrying over nerves and blood supply,OR,0
82.69,Other reconstruction of thumb,OR,0
82.7,Plastic operation on hand with graft or implant,NOR,0
82.71,Tendon pulley reconstruction,OR,0
82.72,Plastic operation on hand with graft of muscle or fascia,OR,0
82.79,Plastic operation on hand with other graft or implant,OR,0
82.8,Other plastic operations on hand,NOR,0
82.81,"Transfer of finger, except thumb",OR,0
82.82,Repair of cleft hand,OR,0
82.83,Repair of macrodactyly,OR,0
82.84,Repair of mallet finger,OR,0
82.85,Other tenodesis of hand,OR,0
82.86,Other tenoplasty of hand,OR,0
82.89,Other plastic operations on hand,OR,0
82.9,"Other operations on muscle, tendon, and fascia of hand",NOR,0
82.91,Lysis of adhesions of hand,OR,0
82.92,Aspiration of bursa of hand,NOR,0
82.93,Aspiration of other soft tissue of hand,NOR,0
82.94,Injection of therapeutic substance into bursa of hand,NOR,0
82.95,Injection of therapeutic substance into tendon of hand,NOR,0
82.96,Other injection of locally-acting therapeutic substance into,NOR,0
82.99,"Other operations on muscle, tendon, and fascia of hand",OR,0
83,"Operations on muscle, tendon, fascia, and bursa, except",NOR,0
83.0,"Incision of muscle, tendon, fascia, and bursa",NOR,0
83.01,Exploration of tendon sheath,OR,0
83.02,Myotomy,OR,0
83.03,Bursotomy,OR,0
83.09,Other incision of soft tissue,OR,0
83.1,"Division of muscle, tendon, and fascia",NOR,0
83.11,Achillotenotomy,OR,0
83.12,Adductor tenotomy of hip,OR,0
83.13,Other tenotomy,OR,0
83.14,Fasciotomy,OR,0
83.19,Other division of soft tissue,OR,0
83.2,"Diagnostic procedures on muscle, tendon, fascia, and bursa,",NOR,0
83.21,Open biopsy of soft tissue,OR,0
83.29,"Other diagnostic procedures on muscle, tendon, fascia, and bursa,",OR,0
83.3,"Excision of lesion of muscle, tendon, fascia, and bursa",NOR,0
83.31,Excision of lesion of tendon sheath,OR,0
83.32,Excision of lesion of muscle,OR,0
83.39,Excision of lesion of other soft tissue,OR,0
83.4,"Other excision of muscle, tendon, and fascia",NOR,0
83.41,Excision of tendon for graft,OR,0
83.42,Other tenonectomy,OR,0
83.43,Excision of muscle or fascia for graft,OR,0
83.44,Other fasciectomy,OR,0
83.45,Other myectomy,OR,0
83.49,Other excision of soft tissue,OR,0
83.5,Bursectomy,OR,0
83.6,"Suture of muscle, tendon, and fascia",NOR,0
83.61,Suture of tendon sheath,OR,0
83.62,Delayed suture of tendon,OR,0
83.63,Rotator cuff repair,OR,0
83.64,Other suture of tendon,OR,0
83.65,Other suture of muscle or fascia,OR,0
83.7,Reconstruction of muscle and tendon,NOR,0
83.71,Advancement of tendon,OR,0
83.72,Recession of tendon,OR,0
83.73,Reattachment of tendon,OR,0
83.74,Reattachment of muscle,OR,0
83.75,Tendon transfer or transplantation,OR,0
83.76,Other tendon transposition,OR,0
83.77,Muscle transfer or transplantation,OR,0
83.79,Other muscle transposition,OR,0
83.8,"Other plastic operations on muscle, tendon, and fascia",NOR,0
83.81,Tendon graft,OR,0
83.82,Graft of muscle or fascia,OR,0
83.83,Tendon pulley reconstruction,OR,0
83.84,"Release of clubfoot, not elsewhere classified",OR,0
83.85,Other change in muscle or tendon length,OR,0
83.86,Quadricepsplasty,OR,0
83.87,Other plastic operations on muscle,OR,0
83.88,Other plastic operations on tendon,OR,0
83.89,Other plastic operations on fascia,OR,0
83.9,"Other operations on muscle, tendon, fascia, and bursa",NOR,0
83.91,"Lysis of adhesions of muscle, tendon, fascia, and bursa",OR,0
83.92,Insertion or replacement of skeletal muscle stimulator,OR,0
83.93,Removal of skeletal muscle stimulator,OR,0
83.94,Aspiration of bursa,NOR,0
83.95,Aspiration of other soft tissue,NOR,0
83.96,Injection of therapeutic substance into bursa,NOR,1
83.97,Injection of therapeutic substance into tendon,NOR,0
83.98,Injection of locally-acting therapeutic substance into other soft,NOR,0
83.99,"Other operations on muscle, tendon, fascia, and bursa",OR,0
84,OR procedure Non OR procedure but affects ThaiDRG,NOR,0
84.0,Amputation of upper limb,NOR,0
84.00,"Upper limb amputation, not otherwise specified",OR,0
84.01,Amputation and disarticulation of finger,OR,0
84.02,Amputation and disarticulation of thumb,OR,0
84.03,Amputation through hand,OR,0
84.04,Disarticulation of wrist,OR,0
84.05,Amputation through forearm,OR,0
84.06,Disarticulation of elbow,OR,0
84.07,Amputation through humerus,OR,0
84.08,Disarticulation of shoulder,OR,0
84.09,Interthoracoscapular amputation,OR,0
84.1,Amputation of lower limb,NOR,0
84.10,"Lower limb amputation, not otherwise specified",OR,0
84.11,Amputation of toe,OR,0
84.12,Amputation through foot,OR,0
84.13,Disarticulation of ankle,OR,0
84.14,Amputation of ankle through malleoli of tibia and fibula,OR,0
84.15,Other amputation below knee,OR,0
84.16,Disarticulation of knee,OR,0
84.17,Amputation above knee,OR,0
84.18,Disarticulation of hip,OR,0
84.19,Abdominopelvic amputation,OR,0
84.2,Reattachment of extremity,NOR,0
84.21,Thumb reattachment,OR,0
84.22,Finger reattachment,OR,0
84.23,"Forearm, wrist, or hand reattachment",OR,0
84.24,Upper arm reattachment,OR,0
84.25,Toe reattachment,OR,0
84.26,Foot reattachment,OR,0
84.27,Lower leg or ankle reattachment,OR,0
84.28,Thigh reattachment,OR,0
84.29,Other reattachment,OR,0
84.3,Revision of amputation stump,OR,0
84.4,Implantation or fitting of prosthetic limb device,NOR,0
84.40,"Implantation or fitting of prosthetic limb device, not otherwise",OR,0
84.41,Fitting of prosthesis of upper arm and shoulder,NOR,0
84.42,Fitting of prosthesis of lower arm and hand,NOR,0
84.43,"Fitting of prosthesis of arm, not otherwise specified",NOR,0
84.44,Implantation of prosthetic device of arm,OR,0
84.45,Fitting of prosthesis above knee,NOR,0
84.46,Fitting of prosthesis below knee,NOR,0
84.47,"Fitting of prosthesis of leg, not otherwise specified",NOR,0
84.48,Implantation of prosthetic device of leg,OR,0
84.5,Implantation of other musculoskeletal devices and substances,NOR,0
84.54,Implantation of other internal limb lengthening device,NOR,0
84.55,Insertion of bone void filler,NOR,0
84.56,Insertion or replacement of (cement) spacer,NOR,0
84.57,Removal of (cement) spacer,NOR,0
84.59,Insertion of other spinal devices,NOR,1
84.6,Replacement of spinal disc,NOR,0
84.60,- 84.69),NOR,0
84.61,"Insertion of partial spinal disc prosthesis, cervical",OR,0
84.62,"Insertion of total spinal disc prosthesis, cervical",OR,0
84.63,"Insertion of spinal disc prosthesis, thoracic",OR,0
84.64,"Insertion of partial spinal disc prosthesis, lumbosacral",OR,0
84.65,"Insertion of total spinal disc prosthesis, lumbosacral",OR,0
84.66,"Revision or replacement of artificial spinal disc prosthesis,",OR,0
84.67,"Revision or replacement of artificial spinal disc prosthesis,",OR,0
84.68,"Revision or replacement of artificial spinal disc prosthesis,",OR,0
84.69,"Revision or replacement of artificial spinal disc prosthesis, not",OR,0
84.7,Adjunct codes for external fixator devices,NOR,0
84.71,"Application of external fixator device, monoplanar system",NOR,0
84.72,"Application of external fixator device, ring system",NOR,0
84.8,"Insertion, replacement and revision of posterior spinal motion",NOR,0
84.80,Insertion or replacement of interspinous process device(s),OR,0
84.81,Revision of interspinous process device(s),OR,0
84.82,,NOR,0
84.83,,NOR,0
84.84,,NOR,0
84.85,Revision of facet replacement device(s),OR,0
84.9,Other operations on musculoskeletal system,NOR,0
84.91,"Amputation, not otherwise specified",OR,0
84.92,Separation of equal conjoined twins,OR,0
84.93,Separation of unequal conjoined twins,OR,0
84.94,Insertion of sternal fixation device with rigid plates wh,OR,0
84.99,Other,OR,0
85,Operations on the breast,NOR,0
85.0,Mastotomy,NOR,0
85.1,Diagnostic procedures on breast,NOR,0
85.11,Closed [percutaneous] [needle] biopsy of breast,NOR,1
85.12,Open biopsy of breast,OR,0
85.19,Other diagnostic procedures on breast,NOR,0
85.2,Excision or destruction of breast tissue,NOR,0
85.20,"Excision or destruction of breast tissue, not otherwise specified",OR,0
85.21,Local excision of lesion of breast,OR,0
85.22,Resection of quadrant of breast,OR,0
85.23,Subtotal mastectomy,OR,0
85.24,Excision of ectopic breast tissue,OR,0
85.25,Excision of nipple,OR,0
85.3,Reduction mammoplasty and subcutaneous mammectomy,NOR,0
85.31,Unilateral reduction mammoplasty,OR,0
85.32,Bilateral reduction mammoplasty,OR,0
85.33,Unilateral subcutaneous mammectomy with synchronous implant,OR,0
85.34,Other unilateral subcutaneous mammectomy,OR,0
85.35,Bilateral subcutaneous mammectomy with synchronous implant,OR,0
85.36,Other bilateral subcutaneous mammectomy,OR,0
85.4,Mastectomy,NOR,0
85.41,Unilateral simple mastectomy,OR,0
85.42,Bilateral simple mastectomy,OR,0
85.43,Unilateral extended simple mastectomy,OR,0
85.44,Bilateral extended simple mastectomy,OR,0
85.45,Unilateral radical mastectomy,OR,0
85.46,Bilateral radical mastectomy,OR,0
85.47,Unilateral extended radical mastectomy,OR,0
85.48,Bilateral extended radical mastectomy,OR,0
85.5,Augmentation mammoplasty,NOR,0
85.50,"Augmentation mammoplasty, not otherwise specified",OR,0
85.51,Unilateral injection into breast for augmentation,NOR,0
85.52,Bilateral injection into breast for augmentation,NOR,0
85.53,Unilateral breast implant,OR,0
85.54,Bilateral breast implant,OR,0
85.55,Fat graft to breast,OR,0
85.6,Mastopexy,OR,0
85.7,Total reconstruction of breast,NOR,0
85.70,"Total reconstruction of breast, not otherwise specified",OR,0
85.71,Latissimus dorsi myocutaneous flap,OR,0
85.72,"Transverse rectus abdominis myocutaneous (TRAM) flap, pedicled",OR,0
85.73,"Transverse rectus abdominis myocutaneous (TRAM) flap, free",OR,0
85.74,"Deep inferior epigastric artery perforator (DIEP) flap, free",OR,0
85.75,"Superficial inferior epigastric artery (SIEA) flap, free",OR,0
85.76,"Gluteal artery perforator (GAP) flap, free",OR,0
85.79,Other total reconstruction of breast,OR,0
85.8,Other repair and plastic operations on breast,NOR,0
85.81,Suture of laceration of breast,NOR,0
85.82,Split-thickness graft to breast,OR,0
85.83,Full-thickness graft to breast,OR,0
85.84,Pedicle graft to breast,OR,0
85.85,Muscle flap graft to breast,OR,0
85.86,Transposition of nipple,OR,0
85.87,Other repair or reconstruction of nipple,OR,0
85.89,Other mammoplasty,OR,0
85.9,Other operations on the breast,NOR,0
85.91,Aspiration of breast,NOR,1
85.92,Injection of therapeutic agent into breast,NOR,0
85.93,Revision of implant of breast,OR,0
85.94,Removal of implant of breast,OR,0
85.95,Insertion of breast tissue expander,OR,0
85.96,Removal of breast tissue expander,OR,0
85.99,Other,OR,0
86,OR procedure Non OR procedure but affects ThaiDRG,NOR,0
86.0,Incision of skin and subcutaneous tissue,NOR,0
86.01,Aspiration of skin and subcutaneous tissue,NOR,0
86.02,Injection or tattooing of skin lesion or defect,NOR,0
86.03,Incision of pilonidal sinus or cyst,NOR,0
86.04,Other incision with drainage of skin and subcutaneous tissue,NOR,0
86.05,Incision with removal of foreign body or device from skin and,NOR,1
86.06,Insertion of totally implantable infusion pump,NOR,1
86.07,,NOR,0
86.09,Other incision of skin and subcutaneous tissue,NOR,1
86.1,Diagnostic procedures on skin and subcutaneous tissue,NOR,0
86.11,Closed Biopsy of skin and subcutaneous tissue,NOR,1
86.19,Other diagnostic procedures on skin and subcutaneous tissue,NOR,0
86.2,Excision or destruction of lesion or tissue of skin and subcutaneous,NOR,0
86.21,Excision of pilonidal cyst or sinus,OR,0
86.22,"Excisional debridement of wound, infection, or burn",OR,0
86.23,"Removal of nail, nail bed, or nail fold",NOR,1
86.24,Chemosurgery of skin,NOR,0
86.25,Dermabrasion,OR,0
86.26,Ligation of dermal appendage,NOR,0
86.27,"Debridement of nail, nail bed, or nail fold",NOR,0
86.28,,NOR,0
86.3,Other local excision or destruction of lesion or tissue of skin and,NOR,1
86.4,Radical excision of skin lesion,OR,0
86.5,Suture or other closure of skin and subcutaneous tissue,NOR,0
86.51,Replantation of scalp,NOR,0
86.59,Closure of skin and subcutaneous tissue of other sites,NOR,1
86.6,Free skin graft,NOR,0
86.60,"Free skin graft, not otherwise specified",OR,0
86.61,Full-thickness skin graft to hand,OR,0
86.62,Other skin graft to hand,OR,0
86.63,Full-thickness skin graft to other sites,OR,0
86.64,Hair transplant,NOR,0
86.65,Heterograft to skin,OR,0
86.66,Homograft to skin,OR,0
86.67,Dermal regenerative graft,OR,0
86.69,Other skin graft to other sites,OR,0
86.7,Pedicle grafts or flaps,NOR,0
86.70,"Pedicle or flap graft, not otherwise specified",OR,0
86.71,Cutting and preparation of pedicle grafts or flaps,OR,0
86.72,Advancement of pedicle graft,OR,0
86.73,Attachment of pedicle or flap graft to hand,OR,0
86.74,Attachment of pedicle or flap graft to other sites,OR,0
86.75,Revision of pedicle or flap graft,OR,0
86.8,Other repair and reconstruction of skin and subcutaneous tissue,NOR,0
86.81,Repair for facial weakness,OR,0
86.82,Facial rhytidectomy,OR,0
86.83,Size reduction plastic operation,OR,0
86.84,Relaxation of scar or web contracture of skin,OR,0
86.85,Correction of syndactyly,OR,0
86.86,Onychoplasty,OR,0
86.87,Fat graft of skin and subcutaneous tissue %4,OR,0
86.89,Other repair and reconstruction of skin and subcutaneous tissue,OR,0
86.9,Other operations on skin and subcutaneous tissue,NOR,0
86.90,Extraction of fat for graft or banking #4,OR,0
86.91,Excision of skin for graft,OR,0
86.92,Electrolysis and other epilation of skin,NOR,0
86.93,Insertion of tissue expander,OR,0
86.94,Insertion or replacement of single array neurostimulator pulse,NOR,1
86.95,Insertion or replacement of multiple array neurostimulator pulse,OR,0
86.96,Insertion or replacement of other neurostimulator pulse generator,OR,0
86.97,Insertion or replacement of single array rechargeable,OR,0
86.98,Insertion or replacement of multiple array (two or more),OR,0
86.99,Other,NOR,0
87,Diagnostic Radiology,NOR,0
87.0,"Soft tissue x-ray of face, head, and neck",NOR,0
87.01,Pneumoencephalogram,NOR,1
87.02,Other contrast radiogram of brain and skull,NOR,1
87.03,Computerized axial tomography of head,NOR,1
87.04,Other tomography of head,NOR,1
87.05,Contrast dacryocystogram,NOR,0
87.06,Contrast radiogram of nasopharynx,NOR,1
87.07,Contrast laryngogram,NOR,0
87.08,Cervical lymphangiogram,NOR,0
87.09,"Other soft tissue x-ray of face, head, and neck",NOR,0
87.1,"Other x-ray of face, head, and neck",NOR,0
87.11,Full-mouth x-ray of teeth,NOR,0
87.12,Other dental x-ray,NOR,0
87.13,Temporomandibular contrast arthrogram,NOR,0
87.14,Contrast radiogram of orbit,NOR,1
87.15,Contrast radiogram of sinus,NOR,1
87.16,Other x-ray of facial bones,NOR,0
87.17,Other x-ray of skull,NOR,0
87.2,X-ray of spine,NOR,0
87.21,Contrast myelogram,NOR,1
87.22,Other x-ray of cervical spine,NOR,0
87.23,Other x-ray of thoracic spine,NOR,0
87.24,Other x-ray of lumbosacral spine,NOR,0
87.29,Other x-ray of spine,NOR,0
87.3,Soft tissue x-ray of thorax,NOR,0
87.31,Endotracheal bronchogram,NOR,0
87.32,Other contrast bronchogram,NOR,0
87.33,Mediastinal pneumogram,NOR,0
87.34,Intrathoracic lymphangiogram,NOR,0
87.35,Contrast radiogram of mammary ducts,NOR,1
87.36,Xerography of breast,NOR,1
87.37,Other mammography,NOR,1
87.38,Sinogram of chest wall,NOR,0
87.39,Other soft tissue x-ray of chest wall,NOR,0
87.4,Other x-ray of thorax,NOR,0
87.41,Computerized axial tomography of thorax,NOR,1
87.42,Other tomography of thorax,NOR,0
87.43,"X-ray of ribs, sternum, and clavicle",NOR,0
87.44,"Routine chest x-ray, so described",NOR,0
87.49,Other chest x-ray,NOR,0
87.5,Biliary tract x-ray,NOR,0
87.51,Percutaneous hepatic cholangiogram,NOR,1
87.52,Intravenous cholangiogram,NOR,1
87.53,Intraoperative cholangiogram,NOR,1
87.54,Other cholangiogram,NOR,1
87.59,Other biliary tract x-ray,NOR,1
87.6,Other x-ray of digestive system,NOR,0
87.61,Barium swallow,NOR,1
87.62,Upper GI series,NOR,1
87.63,Small bowel series,NOR,1
87.64,Lower Gl series,NOR,1
87.65,Other x-ray of intestine,NOR,1
87.66,Contrast pancreatogram,NOR,1
87.69,Other digestive tract x-ray,NOR,0
87.7,X-ray of urinary system,NOR,0
87.71,Computerized axial tomography of kidney,NOR,1
87.72,Other nephrotomogram,NOR,1
87.73,Intravenous pyelogram,NOR,1
87.74,Retrograde pyelogram,OR,0
87.75,Percutaneous pyelogram,NOR,1
87.76,Retrograde cystourethrogram,NOR,1
87.77,Other cystogram,NOR,1
87.78,lleal conduitogram,NOR,0
87.79,Other x-ray of the urinary system,NOR,0
87.8,X-ray of female genital organs,NOR,0
87.81,X-ray of gravid uterus,NOR,0
87.82,Gas contrast hysterosalpingogram,NOR,0
87.83,Opaque dye contrast hysterosalpingogram,NOR,0
87.84,Percutaneous hysterogram,NOR,0
87.85,Other x-ray of fallopian tubes and uterus,NOR,0
87.89,Other x-ray of female genital organs,NOR,0
87.9,X-ray of male genital organs,NOR,0
87.91,Contrast seminal vesiculogram,NOR,1
87.92,Other x-ray of prostate and seminal vesicles,NOR,0
87.93,Contrast epididymogram,NOR,1
87.94,Contrast vasogram,NOR,0
87.95,Other x-ray of epididymis and vas deferens,NOR,0
87.99,Other x-ray of male genital organs,NOR,0
88,,NOR,0
88.0,Soft tissue x-ray of abdomen,NOR,0
88.01,Computerized axial tomography of abdomen,NOR,1
88.02,Other abdomen tomography,NOR,1
88.03,Sinogram of abdominal wall,NOR,0
88.04,Abdominal lymphangiogram,NOR,1
88.09,Other soft tissue x-ray of abdominal wall,NOR,0
88.1,Other x-ray of abdomen,NOR,0
88.11,Pelvic opaque dye contrast radiography,NOR,0
88.12,Pelvic gas contrast radiography,NOR,0
88.13,Other peritoneal pneumogram,NOR,0
88.14,Retroperitoneal fistulogram,NOR,0
88.15,Retroperitoneal pneumogram,NOR,0
88.16,Other retroperitoneal x-ray,NOR,0
88.19,Other x-ray of abdomen,NOR,0
88.2,Skeletal x-ray of extremities and pelvis,NOR,0
88.21,Skeletal x-ray of shoulder and upper arm,NOR,0
88.22,Skeletal x-ray of elbow and forearm,NOR,0
88.23,Skeletal x-ray of wrist and hand,NOR,0
88.24,"Skeletal x-ray of upper limb, not otherwise specified",NOR,0
88.25,Pelvimetry,NOR,0
88.26,Other skeletal x-ray of pelvis and hip,NOR,0
88.27,"Skeletal x-ray of thigh, knee, and lower leg",NOR,0
88.28,Skeletal x-ray of ankle and foot,NOR,0
88.29,"Skeletal x-ray of lower limb, not otherwise specified",NOR,0
88.3,Other x-ray,NOR,0
88.31,Skeletal series,NOR,0
88.32,Contrast arthrogram,NOR,0
88.33,Other skeletal x-ray,NOR,0
88.34,Lymphangiogram of upper limb,NOR,1
88.35,Other soft tissue x-ray of upper limb,NOR,0
88.36,Lymphangiogram of lower limb,NOR,1
88.37,Other soft tissue x-ray of lower limb,NOR,0
88.38,Other computerized axial tomography,NOR,1
88.39,"X-ray, other and unspecified",NOR,0
88.4,Arteriography using contrast material,NOR,0
88.40,"Arteriography using contrast material, unspecified site",NOR,0
88.41,Arteriography of cerebral arteries,NOR,1
88.42,Aortography,NOR,0
88.43,Arteriography of pulmonary arteries,NOR,0
88.44,Arteriography of other intrathoracic vessels,NOR,0
88.45,Arteriography of renal arteries,NOR,1
88.46,"88.78, 92.17)",NOR,0
88.47,Arteriography of other intra-abdominal arteries,NOR,1
88.48,Arteriography of femoral and other lower extremity arteries,NOR,1
88.49,Arteriography of other specified sites,NOR,0
88.5,Angiocardiography using contrast material,NOR,0
88.50,"Angiocardiography, not otherwise specified",NOR,0
88.51,Angiocardiography of venae cavae,NOR,0
88.52,Angiocardiography of right heart structures,NOR,1
88.53,Angiocardiography of left heart structures,NOR,1
88.54,Combined right and left heart angiocardiography,NOR,1
88.55,Coronary arteriography using a single catheter,NOR,1
88.56,Coronary arteriography using two catheters,NOR,1
88.57,Other and unspecified coronary arteriography,NOR,1
88.58,Negative-contrast cardiac roentgenography,NOR,1
88.59,,NOR,0
88.6,Phlebography,NOR,0
88.60,"Phlebography using contrast material, unspecified site",NOR,0
88.61,Phlebography of veins of head and neck using contrast material,NOR,1
88.62,Phlebography of pulmonary veins using contrast material,NOR,0
88.63,Phlebography of other intrathoracic veins using contrast material,NOR,0
88.64,Phlebography of the portal venous system using contrast material,NOR,1
88.65,Phlebography of other intra-abdominal veins using contrast,NOR,1
88.66,Phlebography of femoral and other lower extremity veins using,NOR,0
88.67,Phlebography of other specified sites using contrast material,NOR,0
88.68,Impedance phlebography,NOR,0
88.7,Diagnostic ultrasound,NOR,0
88.71,Diagnostic ultrasound of head and neck,NOR,1
88.72,Diagnostic ultrasound of heart,NOR,1
88.73,,NOR,0
88.74,Diagnostic ultrasound of digestive system,NOR,1
88.75,,NOR,0
88.76,Diagnostic ultrasound of abdomen and retroperitoneum,NOR,1
88.77,Diagnostic ultrasound of peripheral vascular system,NOR,0
88.78,Diagnostic ultrasound of gravid uterus,NOR,0
88.79,Other diagnostic ultrasound,NOR,1
88.8,Thermography,NOR,0
88.81,Cerebral thermography,NOR,0
88.82,Ocular thermography,NOR,0
88.83,Bone thermography,NOR,0
88.84,Muscle thermography,NOR,0
88.85,Breast thermography,NOR,0
88.86,Blood vessel thermography,NOR,0
88.89,Thermography of other sites,NOR,0
88.9,Other diagnostic imaging,NOR,0
88.90,"Diagnostic imaging, not elsewhere classified",NOR,0
88.91,Magnetic resonance imaging of brain and brain stem,NOR,1
88.92,Magnetic resonance imaging of chest and myocardium,NOR,1
88.93,Magnetic resonance imaging of spinal canal,NOR,1
88.94,Magnetic resonance imaging of musculoskeletal,NOR,1
88.95,"Magnetic resonance imaging of pelvis, prostate, and bladder",NOR,1
88.96,Other intraoperative magnetic resonance imaging,NOR,0
88.97,Magnetic resonance imaging of other and unspecified sites,NOR,1
88.98,Bone mineral density studies,NOR,0
89,"Interview, evaluation, consultation, and examination",NOR,0
89.0,"Diagnostic interview, consultation, and evaluation",NOR,0
89.01,"Interview and evaluation, described as brief",NOR,0
89.02,"Interview and evaluation, described as limited",NOR,0
89.03,"Interview and evaluation, described as comprehensive",NOR,0
89.04,Other interview and evaluation,NOR,0
89.05,"Diagnostic interview and evaluation, not otherwise specified",NOR,0
89.06,"Consultation, described as limited",NOR,0
89.07,"Consultation, described as comprehensive",NOR,0
89.08,Other consultation,NOR,0
89.09,"Consultation, not otherwise specified",NOR,0
89.1,Anatomic and physiologic measurements and manual,NOR,0
89.10,Intracarotid amobarbital test,NOR,0
89.11,Tonometry,NOR,0
89.14,Electroencephalogram,NOR,0
89.15,Other nonoperative neurologic function tests,NOR,0
89.16,Transillumination of newborn skull,NOR,0
89.19,Video and radio-telemetered electroencephalographic monitoring,NOR,0
89.2,Anatomic and physiologic measurements and manual,NOR,0
89.21,Urinary manometry,NOR,0
89.22,Cystometrogram,NOR,0
89.24,Uroflowmetry [UFR],NOR,0
89.25,Urethral pressure profile [UPP],NOR,0
89.26,Gynecological examination,NOR,0
89.29,Other nonoperative genitourinary system measurements,NOR,0
89.3,Other anatomic and physiologic measurements and manual,NOR,0
89.31,Dental examination,NOR,0
89.34,Digital examination of rectum,NOR,0
89.35,Transillumination of nasal sinuses,NOR,0
89.36,Manual examination of breast,NOR,0
89.38,ureter 56.89,NOR,0
89.4,"Cardiac stress tests, pacemaker and defibrillator checks",NOR,0
89.41,Cardiovascular stress test using treadmill,NOR,0
89.42,Masters’ two-step Stress test,NOR,0
89.43,Cardiovascular stress test using bicycle ergometer,NOR,0
89.44,Other cardiovascular stress test,NOR,0
89.45,Artificial pacemaker rate check,NOR,0
89.46,Artificial pacemaker artifact wave form check,NOR,0
89.47,Artificial pacemaker electrode impedance check,NOR,0
89.48,Artificial pacemaker voltage or amperage threshold check,NOR,0
89.49,Automatic implantable cardioverter/defibrillator (AICD) check,NOR,0
89.5,Other nonoperative cardiac and vascular diagnostic procedures,NOR,0
89.50,Ambulatory cardiac monitoring,NOR,0
89.51,Rhythm electrocardiogram,NOR,0
89.52,Electrocardiogram,NOR,0
89.53,Vectorcardiogram (with ECG),NOR,0
89.54,Electrographic monitoring,NOR,0
89.55,Phonocardiogram with ECG lead,NOR,0
89.56,Carotid pulse tracing with ECG lead,NOR,0
89.57,Apexcardiogram (with ECG lead),NOR,0
89.58,Plethysmogram,NOR,0
89.59,Other nonoperative cardiac and vascular measurements,NOR,0
89.6,Circulatory monitoring,NOR,0
89.60,- 89.69),NOR,0
89.61,Systemic arterial pressure monitoring,NOR,0
89.62,Central venous pressure monitoring,NOR,0
89.63,Pulmonary artery pressure monitoring,NOR,0
89.64,Pulmonary artery wedge monitoring,NOR,1
89.65,Measurement of systemic arterial blood gases,NOR,0
89.66,Measurement of mixed venous blood gases,NOR,0
89.67,Monitoring of cardiac output by oxygen consumption technique,NOR,0
89.68,Monitoring of cardiac output by other technique,NOR,0
89.69,,NOR,0
89.7,General physical examination,NOR,0
89.8,Autopsy,NOR,0
90,OR procedure Non OR procedure but affects ThaiDRG,NOR,0
90.0,Microscopic examination of specimen from nervous system and,NOR,0
90.1,"Microscopic examination of specimen from endocrine gland, not",NOR,0
90.2,Microscopic examination of specimen from eye,NOR,0
90.3,1-90.39),NOR,0
90.4,"Microscopic examination of specimen from trachea, bronchus,",NOR,0
90.5,Microscopic examination of blood,NOR,0
90.6,Microscopic examination of specimen from spleen and of bone,NOR,0
90.7,Microscopic examination of specimen from lymph node and of,NOR,0
90.8,Microscopic examination of specimen from upper gastrointestinal,NOR,0
90.9,Microscopic examination of specimen from lower gastrointestinal,NOR,0
91,Microscopic examination-Il,NOR,0
91.0,"Microscopic examination of specimen from liver, biliary tract,",NOR,0
91.1,Microscopic examination of peritoneal and retroperitoneal,NOR,0
91.2,"Microscopic examination of specimen from kidney, ureter,",NOR,0
91.3,"Microscopic examination of specimen from bladder, urethra,",NOR,0
91.4,Microscopic examination of specimen from female genital tract,NOR,0
91.5,Microscopic examination of specimen from musculoskeletal,NOR,0
91.6,Microscopic examination of specimen from skin and other,NOR,0
91.7,Microscopic examination of specimen from operative wound,NOR,0
91.8,Microscopic examination of specimen from other site,NOR,0
91.9,Microscopic examination of specimen from unspecified site,NOR,0
92,OR procedure Non OR procedure but affects ThaiDRG,NOR,0
92.0,Radioisotope scan and function study,NOR,0
92.01,Thyroid scan and radioisotope function studies,NOR,0
92.02,Liver scan and radioisotope function study,NOR,1
92.03,Renal scan and radioisotope function study,NOR,0
92.04,Gastrointestinal scan and radioisotope function study,NOR,1
92.05,Cardiovascular and hematopoietic scan and radioisotope function,NOR,0
92.09,Other radioisotope function studies,NOR,0
92.1,Other radioisotope scan,NOR,0
92.11,Cerebral scan,NOR,1
92.12,Scan of other sites of head,NOR,1
92.13,Parathyroid scan,NOR,0
92.14,Bone scan,NOR,1
92.15,Pulmonary scan,NOR,0
92.16,Scan of lymphatic system,NOR,1
92.17,Placental scan,NOR,0
92.18,Total body scan,NOR,1
92.19,Scan of other sites,NOR,0
92.2,Therapeutic radiology and nuclear medicine,NOR,0
92.20,Infusion of liquid brachytherapy radioisotope,NOR,0
92.21,Superficial radiation,NOR,0
92.22,Orthovoltage radiation,NOR,0
92.23,Radioisotopic teleradiotherapy,NOR,1
92.24,Teleradiotherapy using photons,NOR,1
92.25,Teleradiotherapy using electrons,NOR,1
92.26,Teleradiotherapy of other particulate radiation,NOR,0
92.27,Implantation or insertion of radioactive elements,NOR,1
92.28,Injection or instillation of radioisotopes,NOR,1
92.29,Other radiotherapeutic procedure,NOR,1
92.3,Stereotactic radiosurgery,NOR,0
92.30,"Stereotactic radiosurgery, not otherwise specified",NOR,1
92.31,Single source photon radiosurgery,NOR,1
92.32,Multi-source photon radiosurgery,NOR,1
92.33,Particulate radiosurgery,NOR,1
92.39,"Stereotactic radiosurgery, not elsewhere classified",NOR,1
92.4,Intra-operative radiation procedures,NOR,0
92.41,Intra-operative electron radiation therapy,NOR,1
93,"Physical therapy, respiratory therapy, rehabilitation, and",NOR,0
93.0,Diagnostic physical therapy,NOR,0
93.01,Functional evaluation,NOR,0
93.02,Orthotic evaluation,NOR,0
93.03,Prosthetic evaluation,NOR,0
93.04,Manual testing of muscle function,NOR,0
93.05,Range of motion testing,NOR,0
93.06,Measurement of limb length,NOR,0
93.07,Body measurement,NOR,0
93.08,Electromyography,NOR,0
93.09,Other diagnostic physical therapy procedure,NOR,0
93.1,Physical therapy exercises,NOR,0
93.11,Assisting exercise,NOR,0
93.12,Other active musculoskeletal exercise,NOR,0
93.13,Resistive exercise,NOR,0
93.14,Training in joint movements,NOR,0
93.15,Mobilization of spine,NOR,0
93.16,Mobilization of other joints,NOR,0
93.17,Other passive musculoskeletal exercise,NOR,0
93.18,Breathing exercise,NOR,0
93.19,"Exercise, not elsewhere classified",NOR,0
93.2,Other physical therapy musculoskeletal manipulation,NOR,0
93.21,Manual and mechanical traction,NOR,0
93.22,Ambulation and gait training,NOR,0
93.23,Fitting of orthotic device,NOR,0
93.24,Training in use of prosthetic or orthotic device,NOR,0
93.25,Forced extension of limb,NOR,0
93.26,Manual rupture of joint adhesions,NOR,0
93.27,Stretching of muscle or tendon,NOR,0
93.28,Stretching of fascia,NOR,0
93.29,Other forcible correction of deformity,NOR,0
93.3,Other physical therapy therapeutic procedures,NOR,0
93.31,Assisted exercise in pool,NOR,0
93.32,Whirlpool treatment,NOR,0
93.33,Other hydrotherapy,NOR,0
93.34,Diathermy,NOR,0
93.35,Other heat therapy,NOR,0
93.36,Cardiac retraining,NOR,0
93.37,Prenatal training,NOR,0
93.38,Combined physical therapy without mention of the components,NOR,0
93.39,Other physical therapy,NOR,0
93.4,Skeletal traction and other traction,NOR,0
93.41,Spinal traction using skull device,NOR,0
93.42,Other spinal traction,NOR,0
93.43,Intermittent skeletal traction,NOR,0
93.44,Other skeletal traction,NOR,0
93.45,Thomas' splint traction,NOR,0
93.46,Other skin traction of limbs,NOR,0
93.5,"Other immobilization, pressure, and attention to wound",NOR,0
93.51,Application of plaster jacket,NOR,0
93.52,Application of neck support,NOR,0
93.53,Application of other cast,NOR,0
93.54,Application of splint,NOR,0
93.55,Dental wiring,NOR,0
93.56,Application of pressure dressing,NOR,0
93.57,Application of other wound dressing,NOR,0
93.58,Application of pressure trousers,NOR,0
93.59,"Other immobilization, pressure, and attention to wound",NOR,0
93.6,Osteopathic manipulative treatment,NOR,0
93.61,Osteopathic manipulative treatment for general mobilization,NOR,0
93.62,"Osteopathic manipulative treatment using high- velocity,",NOR,0
93.63,"Osteopathic manipulative treatment using low- velocity,",NOR,0
93.64,"Osteopathic manipulative treatment using isotonic, isometric",NOR,0
93.65,Osteopathic manipulative treatment using indirect forces,NOR,0
93.66,Osteopathic manipulative treatment to move tissue fluids,NOR,0
93.67,Other specified osteopathic manipulative treatment,NOR,0
93.7,Speech and reading rehabilitation and rehabilitation of the blind,NOR,0
93.71,Dyslexia training,NOR,0
93.72,Dysphasia training,NOR,0
93.73,Esophageal speech training,NOR,0
93.74,Speech defect training,NOR,0
93.75,Other speech training and therapy,NOR,0
93.76,Training in use of lead dog for the blind,NOR,0
93.77,Training in braille or Moon,NOR,0
93.78,Other rehabilitation for the blind,NOR,0
93.8,Other rehabilitation therapy,NOR,0
93.81,Recreation therapy,NOR,0
93.82,Educational therapy,NOR,0
93.83,Occupational therapy,NOR,0
93.84,Music therapy,NOR,0
93.85,Vocational rehabilitation,NOR,0
93.89,"Rehabilitation, not elsewhere classified",NOR,0
93.9,Respiratory therapy,NOR,0
93.90,Non-invasive mechanical ventilation,NOR,1
93.91,Intermittent positive pressure breathing [IPPB],NOR,1
93.93,Nonmechanical methods of resuscitation,NOR,0
93.94,Respiratory medication administered by nebulizer,NOR,0
93.95,Hyperbaric oxygenation,NOR,0
93.96,Other oxygen enrichment,NOR,0
93.97,Decompression chamber,NOR,0
93.98,Other control of atmospheric pressure and composition,NOR,0
93.99,Other respiratory procedures,NOR,0
94,,NOR,0
94.0,Psychologic evaluation and testing,NOR,0
94.01,Administration of intelligence test,NOR,0
94.02,Administration of psychologic test,NOR,0
94.03,Character analysis,NOR,0
94.08,Other psychologic evaluation and testing,NOR,0
94.09,"Psychologic mental status determination, not otherwise specified",NOR,0
94.1,"Psychiatric interviews, consultations, and evaluations",NOR,0
94.19,Other psychiatric interview and evaluation,NOR,0
94.2,Psychiatric somatotherapy,NOR,0
94.23,Neuroleptic therapy,NOR,0
94.24,Chemical shock therapy,NOR,0
94.25,Other psychiatric drug therapy,NOR,0
94.26,Subconvulsive electroshock therapy,NOR,1
94.27,Other electroshock therapy,NOR,1
94.3,Individual psychotherapy,NOR,0
94.35,Crisis intervention,NOR,0
94.4,Other psychotherapy and counselling,NOR,0
94.41,Group therapy for psychosexual dysfunction,NOR,0
94.42,Family therapy,NOR,0
94.43,Psychodrama,NOR,0
94.44,Other group therapy,NOR,0
94.45,Drug addiction counselling,NOR,0
94.46,Alcoholism counselling,NOR,0
94.49,Other counselling,NOR,0
94.5,Referral for psychologic rehabilitation,NOR,0
94.54,Referral for drug addiction rehabilitation,NOR,0
94.55,Referral for vocational rehabilitation,NOR,0
94.6,Alcohol and drug rehabilitation and detoxification,NOR,0
94.61,Alcohol rehabilitation,NOR,0
94.62,Alcohol detoxification,NOR,0
94.63,Alcohol rehabilitation and detoxification,NOR,0
94.64,Drug rehabilitation,NOR,0
94.65,Drug detoxification,NOR,0
94.66,Drug rehabilitation and detoxification,NOR,0
94.67,Combined alcohol and drug rehabilitation,NOR,0
94.68,Combined alcohol and drug detoxification,NOR,0
94.69,Combined alcohol and drug rehabilitation and detoxification,NOR,0
95,Ophthalmologic and otologic diagnosis and treatment,NOR,0
95.0,General and subjective eye examination,NOR,0
95.01,Limited eye examination,NOR,0
95.02,Comprehensive eye examination,NOR,0
95.03,Extended ophthalmologic work-up,NOR,0
95.04,Eye examination under anesthesia,NOR,1
95.05,Visual field study,NOR,0
95.06,Color vision study,NOR,0
95.07,Dark adaptation study,NOR,0
95.09,"Eye examination, not otherwise specified",NOR,0
95.1,Examinations of form and structure of eye,NOR,0
95.11,Fundus photography,NOR,0
95.12,Fluorescein angiography or angioscopy of eye,NOR,0
95.13,Ultrasound study of eye,NOR,0
95.14,X-ray study of eye,NOR,0
95.15,Ocular motility study,NOR,0
95.16,P32 and other tracer studies of eye,NOR,0
95.2,Objective functional tests of eye,NOR,0
95.21,Electroretinogram [ERG],NOR,0
95.22,Electro-oculogram [EOG],NOR,0
95.23,Visual evoked potential [VEP],NOR,1
95.24,Electronystagmogram [ENG],NOR,0
95.25,Electromyogram of eye [EMG],NOR,1
95.26,"Tonography, provocative tests, and other glaucoma testing",NOR,0
95.3,Special vision services,NOR,0
95.31,Fitting and dispensing of spectacles,NOR,0
95.32,"Prescription, fitting, and dispensing of contact lens",NOR,0
95.33,Dispensing of other low vision aids,NOR,0
95.34,Ocular prosthetics,NOR,0
95.35,Orthoptic training,NOR,0
95.36,Ophthalmologic counselling and instruction,NOR,0
95.4,Nonoperative procedures related to hearing,NOR,0
95.41,Audiometry,NOR,1
95.42,Clinical test of hearing,NOR,0
95.43,Audiological evaluation,NOR,0
95.44,Clinical vestibular function tests,NOR,0
95.45,Rotation tests,NOR,0
95.46,Other auditory and vestibular function tests,NOR,0
95.47,"Hearing examination, not otherwise specified",NOR,0
95.48,Fitting of hearing aid,NOR,0
95.49,Other nonoperative procedures related to hearing,NOR,0
96,OR procedure Non OR procedure but affects ThaiDRG,NOR,0
96.0,Nonoperative intubation of gastrointestinal and respiratory,NOR,0
96.01,Insertion of nasopharyngeal airway,NOR,0
96.02,Insertion of oropharyngeal airway,NOR,0
96.03,Insertion of esophageal obturator airway,NOR,0
96.04,Insertion of endotracheal tube,NOR,0
96.05,Other intubation of respiratory tract,NOR,0
96.06,Insertion of Sengstaken tube,NOR,0
96.07,Insertion of other (naso-)gastric tube,NOR,0
96.08,Insertion of (naso-)intestinal tube,NOR,0
96.09,Insertion of rectal tube,NOR,0
96.1,Other nonoperative insertion,NOR,0
96.11,Packing of external auditory canal,NOR,0
96.14,Vaginal packing,NOR,0
96.15,Insertion of vaginal mold,NOR,0
96.16,Other vaginal dilation,NOR,0
96.17,Insertion of vaginal diaphragm,NOR,0
96.18,Insertion of other vaginal pessary,NOR,0
96.19,Rectal packing,NOR,0
96.2,Nonoperative dilation and manipulation,NOR,0
96.21,Dilation of frontonasal duct,NOR,0
96.22,Dilation of rectum,NOR,0
96.23,Dilation of anal sphincter,NOR,1
96.24,Dilation and manipulation of enterostomy stoma,NOR,0
96.25,Therapeutic distention of bladder,NOR,0
96.26,Manual reduction of rectal prolapse,NOR,0
96.27,Manual reduction of hernia,NOR,0
96.28,Manual reduction of enterostomy prolapse,NOR,0
96.29,Reduction of intussusception of alimentary tract,NOR,0
96.3,"Nonoperative alimentary tract irrigation, cleaning, and local",NOR,0
96.31,Gastric cooling,NOR,0
96.32,Gastric freezing,NOR,0
96.33,Gastric lavage,NOR,0
96.34,Other irrigation of (naso-)gastric tube,NOR,0
96.35,Gastric gavage,NOR,1
96.36,Irrigation of gastrostomy or enterostomy,NOR,0
96.37,Proctoclysis,NOR,0
96.38,Removal of impacted feces,NOR,0
96.39,Other transanal enema,NOR,0
96.4,"Nonoperative irrigation, cleaning, and local instillation of other",NOR,0
96.41,Irrigation of cholecystostomy and other biliary tube,NOR,0
96.42,Irrigation of pancreatic tube,NOR,0
96.43,"Digestive tract instillation, except gastric gavage",NOR,0
96.44,Vaginal douche,NOR,0
96.45,Irrigation of nephrostomy and pyelostomy,NOR,0
96.46,Irrigation of ureterostomy and ureteral catheter,NOR,0
96.47,Irrigation of cystostomy,NOR,0
96.48,Irrigation of other indwelling urinary catheter,NOR,0
96.49,Other genitourinary instillation,NOR,0
96.5,Other nonoperative irrigation and cleaning,NOR,0
96.51,Irrigation of eye,NOR,0
96.52,Irrigation of ear,NOR,0
96.53,Irrigation of nasal passages,NOR,0
96.54,"Dental scaling, polishing, and debridement",NOR,0
96.55,Tracheostomy toilette,NOR,0
96.56,Other lavage of bronchus and trachea,NOR,0
96.57,Irrigation of vascular catheter,NOR,0
96.58,Irrigation of wound catheter,NOR,0
96.59,Other irrigation of wound,NOR,0
96.6,Enteral infusion of concentrated nutritional substances,NOR,0
96.7,Other continuous invasive mechanical ventilation,NOR,0
96.70,Continuous invasive mechanical ventilation of unspecified duration,NOR,1
96.71,Continuous invasive mechanical ventilation for less than 96,NOR,1
96.72,Continuous invasive mechanical ventilation for 96 consecutive,NOR,1
97,Replacement and removal of therapeutic appliances,NOR,0
97.0,Nonoperative replacement of gastrointestinal appliance,NOR,0
97.01,Replacement of (naso-)gastric or esophagostomy tube,NOR,0
97.02,Replacement of gastrostomy tube,NOR,0
97.03,Replacement of tube or enterostomy device of small intestine,NOR,0
97.04,Replacement of tube or enterostomy device of large intestine,NOR,0
97.05,Replacement of stent (tube) in biliary or pancreatic duct,NOR,0
97.1,Nonoperative replacement of musculoskeletal and integumentary,NOR,0
97.11,Replacement of cast on upper limb,NOR,0
97.12,Replacement of cast on lower limb,NOR,0
97.13,Replacement of other cast,NOR,0
97.14,Replacement of other device for musculoskeletal immobilization,NOR,0
97.15,Replacement of wound catheter,NOR,0
97.16,Replacement of wound packing or drain,NOR,0
97.2,Other nonoperative replacement,NOR,0
97.21,Replacement of nasal packing,NOR,0
97.22,Replacement of dental packing,NOR,0
97.23,Replacement of tracheostomy tube,NOR,0
97.24,Replacement and refitting of vaginal diaphragm,NOR,0
97.25,Replacement of other vaginal pessary,NOR,0
97.26,Replacement of vaginal or vulvar packing or drain,NOR,0
97.29,Other nonoperative replacements,NOR,0
97.3,Nonoperative removal of therapeutic device from head and neck,NOR,0
97.31,Removal of eye prosthesis,NOR,0
97.33,Removal of dental wiring,NOR,0
97.34,Removal of dental packing,NOR,0
97.35,Removal of dental prosthesis,NOR,0
97.36,Removal of other external mandibular fixation device,NOR,0
97.37,Removal of tracheostomy tube,NOR,0
97.38,Removal of sutures from head and neck,NOR,0
97.39,Removal of other therapeutic device from head and neck,NOR,0
97.4,Nonoperative removal of therapeutic device from thorax,NOR,0
97.41,Removal of thoracotomy tube or pleural cavity drain,NOR,0
97.42,Removal of mediastinal drain,NOR,0
97.43,Removal of sutures from thorax,NOR,0
97.44,Nonoperative removal of heart assist system,NOR,0
97.49,Removal of other device from thorax,NOR,0
97.5,Nonoperative removal of therapeutic device from digestive,NOR,0
97.51,Removal of gastrostomy tube,NOR,0
97.52,Removal of tube from small intestine,NOR,0
97.53,Removal of tube from large intestine or appendix,NOR,0
97.54,Removal of cholecystostomy tube,NOR,0
97.55,"Removal of T-tube, other bile duct tube, or liver tube",NOR,0
97.56,Removal of pancreatic tube or drain,NOR,0
97.59,Removal of other device from digestive system,NOR,0
97.6,Nonoperative removal of therapeutic device from urinary system,NOR,0
97.61,Removal of pyelostomy and nephrostomy tube,NOR,0
97.62,Removal of ureterostomy tube and ureteral catheter,NOR,1
97.63,Removal of cystostomy tube,NOR,0
97.64,Removal of other urinary drainage device,NOR,0
97.65,Removal of urethral stent,NOR,0
97.69,Removal of other device from urinary system,NOR,0
97.7,Nonoperative removal of therapeutic device from genital system,NOR,0
97.71,Removal of intrauterine contraceptive device,NOR,0
97.72,Removal of intrauterine pack,NOR,0
97.73,Removal of vaginal diaphragm,NOR,0
97.74,Removal of other vaginal pessary,NOR,0
97.75,Removal of vaginal or vulvar packing,NOR,0
97.79,Removal of other device from genital tract,NOR,0
97.8,Other nonoperative removal of therapeutic device,NOR,0
97.81,Removal of retroperitoneal drainage device,NOR,0
97.82,Removal of peritoneal drainage device,NOR,0
97.83,Removal of abdominal wall sutures,NOR,0
97.84,"Removal of sutures from trunk, not elsewhere classified",NOR,0
97.85,"Removal of packing from trunk, not elsewhere classified",NOR,0
97.86,Removal of other device from abdomen,NOR,0
97.87,Removal of other device from trunk,NOR,0
97.88,Removal of external immobilization device,NOR,0
97.89,Removal of other therapeutic device,NOR,0
98,,NOR,0
98.0,Removal of intraluminal foreign body from digestive system,NOR,0
98.01,Removal of intraluminal foreign body from mouth without incision,NOR,0
98.02,Removal of intraluminal foreign body from esophagus without,NOR,1
98.03,,NOR,0
98.04,,NOR,0
98.05,,NOR,0
98.1,Removal of intraluminal foreign body from other sites without,NOR,0
98.11,Removal of intraluminal foreign body from ear without incision,NOR,0
98.12,Removal of intraluminal foreign body from nose without incision,NOR,0
98.13,Removal of intraluminal foreign body from pharynx without incision,NOR,0
98.14,Removal of intraluminal foreign body from larynx without incision,NOR,1
98.15,,NOR,0
98.16,Removal of intraluminal foreign body from uterus without,NOR,0
98.17,Removal of intraluminal foreign body from vagina without incision,NOR,0
98.18,Removal of intraluminal foreign body from artificial stoma,NOR,0
98.19,,NOR,0
98.2,Removal of other foreign body without incision,NOR,0
98.20,"Removal of foreign body, not otherwise specified",NOR,0
98.21,Removal of superficial foreign body from eye without incision,NOR,0
98.22,,NOR,0
98.23,Removal of foreign body from vulva without incision,NOR,0
98.24,,NOR,0
98.25,Removal of other foreign body without incision from trunk,NOR,0
98.26,Removal of foreign body from hand without incision,NOR,0
98.27,"Removal of foreign body without incision from upper limb,",NOR,0
98.28,Removal of foreign body from foot without incision,NOR,0
98.29,"Removal of foreign body without incision from lower limb,",NOR,0
98.5,Extracorporeal shockwave lithotripsy [ESWL],NOR,0
98.51,"Extracorporeal shockwave lithotripsy [ESWL] of the kidney, ureter",NOR,1
98.52,Extracorporeal shockwave lithotripsy [ESWL] of the gallbladder,NOR,0
98.59,Extracorporeal shockwave lithotripsy of other sites,NOR,0
99,Other nonoperative procedures,NOR,0
99.0,Transfusion of blood and blood components,NOR,0
99.00,Perioperative autologous transfusion of whole blood or blood,NOR,0
99.01,Exchange transfusion,NOR,1
99.02,Transfusion of previously collected autologous blood,NOR,0
99.03,Other transfusion of whole blood,NOR,1
99.04,Transfusion of packed cells,NOR,1
99.05,Transfusion of platelets,NOR,1
99.06,Transfusion of coagulation factors,NOR,1
99.07,Transfusion of other serum,NOR,1
99.08,Transfusion of blood expander,NOR,0
99.09,Transfusion of other substance,NOR,1
99.1,Injection or infusion of therapeutic or prophylactic substance,NOR,0
99.10,Injection or infusion of thrombolytic agent,NOR,1
99.13,Immunization for autoimmune disease,NOR,0
99.14,Injection or infusion of immunoglobulin,NOR,1
99.15,Parenteral infusion of concentrated nutritional substances,NOR,1
99.2,Injection or infusion of other therapeutic or prophylactic,NOR,0
99.20,Injection or infusion of platelet inhibitor,NOR,1
99.21,Injection of antibiotic,NOR,0
99.25,,NOR,0
99.26,Injection of tranquilizer,NOR,0
99.29,Injection or infusion of other therapeutic or prophylactic substance,NOR,0
99.3,Prophylactic vaccination and inoculation against certain bacterial,NOR,0
99.36,Administration of diphtheria toxoid,NOR,0
99.37,Vaccination against pertussis,NOR,0
99.38,Administration of tetanus toxoid,NOR,0
99.39,,NOR,0
99.4,Prophylactic vaccination and inoculation against certain viral,NOR,0
99.41,Administration of poliomyelitis vaccine,NOR,0
99.42,Vaccination against smallpox,NOR,0
99.43,Vaccination against yellow fever,NOR,0
99.44,Vaccination against rabies,NOR,0
99.45,Vaccination against measles,NOR,0
99.46,Vaccination against mumps,NOR,0
99.47,Vaccination against rubella,NOR,0
99.48,Administration of measles-mumps-rubella vaccine,NOR,0
99.5,Other vaccination and inoculation,NOR,0
99.54,Prophylactic vaccination against other arthropod-borne viral,NOR,0
99.55,Prophylactic administration of vaccine against other diseases,NOR,0
99.56,Administration of tetanus antitoxin,NOR,0
99.57,Administration of botulism antitoxin,NOR,0
99.58,Administration of other antitoxins,NOR,0
99.59,Other vaccination and inoculation,NOR,0
99.6,Conversion of cardiac rhythm,NOR,0
99.60,"Cardiopulmonary resuscitation, not otherwise specified",NOR,1
99.61,Atrial cardioversion,NOR,0
99.62,Other electric countershock of heart,NOR,1
99.63,Closed chest cardiac massage,NOR,0
99.64,Carotid sinus stimulation,NOR,0
99.69,Other conversion of cardiac rhythm,NOR,0
99.7,"Therapeutic apheresis or other injection, administration, or",NOR,0
99.71,Therapeutic plasmapheresis,NOR,1
99.75,Administration of neuroprotective agent,NOR,0
99.76,Extracorporeal immunoadsorption,NOR,0
99.77,,NOR,0
99.78,Aquapheresis,NOR,0
99.79,Other,NOR,0
99.8,Miscellaneous physical procedures,NOR,0
99.81,Hypothermia (central) (local),NOR,0
99.82,Ultraviolet light therapy,NOR,0
99.84,Isolation,NOR,0
99.85,Hyperthermia for treatment of cancer,NOR,0
99.86,Non-invasive placement of bone growth stimulator,NOR,0
99.88,Therapeutic photopheresis,NOR,0
99.9,Other miscellaneous procedures,NOR,0
99.91,Acupuncture for anesthesia,NOR,0
99.93,Rectal massage (for levator spasm),NOR,0
99.94,Prostatic massage,NOR,0
99.95,Stretching of foreskin,NOR,0
99.96,Collection of sperm for artificial insemination,NOR,0
99.99,Other,NOR,0
99.18,Injection or infusion of electrolytes,NOR,0
